id,Domain,Status,Attractiveness,Demand,Length,Registrar,Created,Expires
9fd2fd7a-e56e-4b5d-bbf8-90a67ed95adc,a.horse,available,46,2,6,,,
24570926-6db5-4de1-8cbc-7f47e11af679,a.in,available,56,16,3,,,
a01585c5-a1e5-4bad-9c18-ec96a4195069,a.one,premium,56,16,5,,,
423a7b2a-6973-449e-a71e-108a5eca7b74,a.social,available,56,6,7,,,
c2f5ab7e-19cf-47f8-9c94-4aa9ad1dc76f,aaa.at,premium,70,92,3,,,
ee383940-786a-4895-9583-4444a6903d29,aaa.cloud,premium,70,92,3,,,
8e476046-979d-4331-8241-12f7caee870d,aaa.site,premium,70,92,3,,,
075ec8ef-d868-4a99-b057-302cfafc2e9f,aaa.space,premium,70,92,3,,,
7d1513a8-9c70-43ca-965c-841fdd0185ed,aaa.zone,premium,70,92,3,,,
c3f4f9e2-af48-4ffb-8ed2-4a1de183cdcc,AAAA.app,resell,68,84,4,"GoDaddy.com, LLC",06/05/2018 22:50,06/05/2026 22:50
d323f8ff-783a-46f6-a8ca-cd6340a45fbb,AAAA.at,available,68,84,4,,,
5ae0dc65-197e-4a9a-b228-9fbda09e555f,AAAA.co,resell,68,84,4,"22net, Inc.",23/09/2011 22:29,22/09/2025 23:59
c4ae4c9f-a181-4dc8-86f7-3b54d7c52486,AAAA.dev,premium,68,84,4,,,
399aa29b-c536-4040-bcd2-dd9c0738f94e,AAAA.expert,available,68,84,4,,,
a24b2512-f86e-4329-9206-825db2eddf78,AAAA.net,resell,68,84,4,Dynadot Inc,05/08/2002 18:05,05/08/2025 18:05
3769be70-f7ba-498a-85fc-17b136c9e1b3,AAAA.so,available,68,84,4,,,
7f59be80-c5a3-493f-b254-1ea700fc3407,AAAA.us,resell,68,84,4,"GoDaddy.com, LLC",24/04/2002 16:48,23/04/2026 23:59
301d7ab2-af2b-499f-9eab-62223771ae6f,AAAA.zone,available,68,84,4,,,
de8803e8-8e47-494d-ae93-9da608b6a0ab,AAD.expert,available,82,80,3,,,
825e1130-c500-42ad-b14c-8ee8a0e23f0e,AAD.it,resell,82,80,3,,08/09/2010 07:33,08/10/2025 00:00
aa3b61e6-304b-45d0-879c-e8f8465d0cd7,AAD.ninja,available,82,80,3,,,
f804b62d-b2e5-4cf8-a1f1-440f869e8577,AAD.online,premium,82,80,3,,,
986e32ae-847b-4551-852a-606e722514a0,AAD.pro,premium,82,80,3,,,
fd438976-d8d4-4c58-adc7-5cd02e8d3668,AAD.site,premium,82,80,3,,,
25ceaf78-5762-4323-9a67-f5d0adc8c28f,AAD.so,available,82,80,3,,,
bdfb0809-a77b-43ca-be45-505b808c349e,AAD.space,premium,82,80,3,,,
6d4c4557-d509-48f4-b504-79d1b41bfbd1,AAD.store,premium,82,80,3,,,
5fe2a120-3b92-4d25-8076-b43a97d6974b,AAD.tech,premium,82,80,3,,,
94a89f25-7e5d-4855-84c7-eb223c8e97aa,aah.at,premium,114,92,3,,,
cf3491a7-0b7b-4bc5-ae02-93a6ad97e724,aah.dev,premium,114,92,3,,,
3dfba6c8-40e3-4597-a32b-9805a374f62d,aah.expert,available,114,92,3,,,
5073a08a-eabf-47d0-af78-06190820312d,aah.ninja,available,114,92,3,,,
f7d8cbfe-d63b-41a3-8789-5973971b5d66,aah.online,premium,114,92,3,,,
2f1488b6-cbfc-48a9-92b8-917bc5638f36,aah.pro,premium,114,92,3,,,
6f1cbecb-9f6e-48e4-9998-8b952e12684a,aah.site,premium,114,92,3,,,
8325a6c1-bdf0-4b40-ac16-e20c1c733fbc,aah.space,premium,114,92,3,,,
328c03c6-9874-46b6-9947-559f574ff859,aah.store,premium,114,92,3,,,
75f20579-5c9c-47c4-a5e7-efff717fdbeb,aah.tech,premium,114,92,3,,,
d03737ac-ba7c-4a03-a60b-858a8110fec2,aak.at,resell,68,32,3,Dynadot INC ( https://nic.at/registrar/650 ),,
2fc75ac8-4905-4026-a304-d28bbff8e8c1,aak.cloud,premium,68,32,3,,,
5dddc14a-5d1a-496f-b626-8d21b04280cf,aak.co,resell,68,32,3,Sav.com LLC,15/10/2015 18:00,14/10/2025 23:59
b4a65076-ef34-44aa-b212-3cf5dbfd77fc,aak.dev,premium,68,32,3,,,
c1d9fc31-12bb-44e4-b833-e34f482d9f1b,aak.expert,available,68,32,3,,,
ff264566-9821-4cf5-9795-8d4ab36a1888,aak.gg,available,68,32,3,,,
da9bd081-cde2-4d44-bac2-697a233158bc,aak.it,resell,68,32,3,,17/04/2022 09:00,09/04/2026 00:00
902c9667-c697-4ecb-81e9-762f742a59ee,aak.me,resell,68,32,3,Dynadot Inc,20/02/2020 11:26,20/02/2026 11:26
06fcaa63-d000-4d8e-97ea-c38094c24e14,aak.ninja,available,68,32,3,,,
a28f603f-6fd0-4ca1-865f-b371b72e39ea,aak.pro,premium,68,32,3,,,
3c1f35bd-c6c6-41fb-a660-f82d5fbd7938,aak.site,premium,68,32,3,,,
15d73201-1bdf-4b81-aab0-94d0b0bedef2,aak.so,available,68,32,3,,,
82143c57-8fa0-49db-b32a-13e221b20e73,aak.space,premium,68,32,3,,,
9d7b2a69-0694-4056-b6c1-72195fdac063,aak.store,premium,68,32,3,,,
c1b5f809-a9c9-42bb-b241-366084f0f410,aak.tech,resell,68,32,3,"CHENGDU WEST DIMENSION DIGITAL TECHNOLOGY CO., LTD.",15/01/2016 08:43,15/01/2026 23:59
4f4b5f29-4cb6-42fb-99bc-483b4ee5649b,aak.xyz,premium,68,32,3,,,
798d5e33-3c87-45ca-9478-196bb5b8804e,aak.zone,available,68,32,3,,,
2bd6cd3a-cb8a-44f5-bc43-04c42216d18a,AandE.app,available,50,80,7,,,
bdbdaf6f-feff-4350-b73d-ead3411f4f70,AandE.at,available,50,80,7,,,
3ddeb3bc-2235-41b8-9f38-7770e7138741,AandE.cloud,available,50,80,7,,,
4180e9a9-777f-4faf-aed6-f3930d56b851,AandE.dev,available,50,80,7,,,
19c4de67-774f-4a53-b28c-5764fef2deaf,AandE.expert,available,50,80,7,,,
ab2612e8-8e4d-432f-bc51-42540d10a43e,AandE.gg,available,50,80,7,,,
4e4dd560-49a0-4b7b-bb14-cc6e777545f2,AandE.me,available,50,80,7,,,
b894e6bb-c461-47fe-8869-7caed05d4140,AandE.ninja,available,50,80,7,,,
6a465afd-2d10-487c-9e85-45ada6fed2bd,AandE.online,available,50,80,7,,,
0a430977-4ed6-4bc0-8ea9-ef04ff576c4b,AandE.pro,available,50,80,7,,,
34c53d2a-1833-404d-bd51-0b5550a66948,AandE.site,available,50,80,7,,,
a1e8cd8b-7632-4928-8bfd-84bf64707ca6,AandE.so,available,50,80,7,,,
760f40a0-553c-4693-99d7-e31860c24f83,AandE.space,available,50,80,7,,,
91919f19-b0f8-4439-bf4a-8abc91463cc2,AandE.store,available,50,80,7,,,
00b7a812-132c-4a80-966c-8d451559c9f1,AandE.tech,available,50,80,7,,,
986d8c21-c56e-4e75-b3bc-08f69e4fa1ff,AandE.us,available,50,80,7,,,
dfda86ba-d993-4205-8377-66d45d53e409,AandE.xyz,available,50,80,7,,,
e1034c7c-dd84-4f7d-907c-c62f0073cd65,AandE.zone,available,50,80,7,,,
4a49ed8f-82e6-40f2-b01d-242ae7cdbf8a,aardvark.ai,resell,64,92,8,Dynadot Inc,02/02/2021 18:39,02/02/2027 18:39
74d66e56-2bbf-429a-8b0c-67dfd1d9a23c,aardvark.expert,available,64,92,8,,,
ff0b3bfe-5302-495a-9c13-18c72e8a64d8,aardvark.ninja,available,64,92,8,,,
602cdeae-0949-41d3-98d9-42350aaf3bd8,aardwolf.app,resell,54,84,8,"Sav.com, LLC",01/10/2024 05:44,01/10/2025 05:44
343e851b-99b5-4591-a93f-ac246d22a4e2,aardwolf.at,available,54,84,8,,,
9f249d7b-e8f7-4737-a389-1d982a71746e,aardwolf.expert,available,54,84,8,,,
5838ae9c-0dac-440b-8566-d452a53ecb30,aardwolf.gg,available,54,84,8,,,
27a75e68-2fa6-4359-88eb-3104418c7b50,aardwolf.pro,available,54,84,8,,,
0023eaf6-bf54-427f-9ac0-1fe5a249f16c,aardwolf.site,available,54,84,8,,,
6f093a5a-cf86-4b58-89ad-0e20aaef8995,aardwolf.so,available,54,84,8,,,
962c5f81-f0b7-40c7-98fa-47393ae1c999,aardwolf.space,premium,54,84,8,,,
d0e0a012-c36b-467f-897f-cbaaf89b4cba,aardwolf.store,premium,54,84,8,,,
0843bd5b-355f-4cda-88be-52ad1b606d1b,aardwolf.tech,premium,54,84,8,,,
0a21cf00-5c25-415e-ac83-fe549129cf02,aardwolf.us,resell,54,84,8,Dominet (HK) Limited,10/02/2025 07:44,10/02/2026 07:44
a6cb4d0d-9282-4b85-88c0-bca783035623,aardwolf.zone,available,54,84,8,,,
bc8200a5-434c-42a1-b800-8a2baa3d6190,aargh.ai,available,56,76,5,,,
d356a6de-0e62-4fcc-8456-8922e6db9f77,aargh.app,available,56,76,5,,,
06bb2588-8e74-414b-ba4f-567c7b34c540,aargh.at,available,56,76,5,,,
706a21e2-a0c7-4129-9372-c8fb89051305,aargh.cloud,available,56,76,5,,,
39734d48-5656-4e31-a8ad-80a36e8e7e62,aargh.co,premium,56,76,5,,,
cdb3ac10-c976-4a9e-8cd6-ce2c63c02bd6,aargh.dev,available,56,76,5,,,
9b80f6dc-3af8-4041-b609-dd3beb1c1031,aargh.expert,available,56,76,5,,,
9d3cdbb7-308b-48f4-9a98-da4542ba7933,aargh.gg,available,56,76,5,,,
40753bc3-d02f-4c2f-81b9-5182258d152f,aargh.io,available,56,76,5,,,
fe11a31f-3c16-49e5-912f-24e39a9e0c4c,aargh.me,available,56,76,5,,,
b6b6c4ff-b4e9-4b2b-b215-1d0cf1785049,aargh.ninja,available,56,76,5,,,
b2d80450-3aef-4d5d-bd87-367a0883412c,aargh.online,premium,56,76,5,,,
bd01145b-2ed1-4a1d-997a-2cb59aced119,aargh.pro,available,56,76,5,,,
60f0c651-99ab-4037-b23d-f7f75e639f22,aargh.site,premium,56,76,5,,,
17d10cae-3b45-49b9-acdc-10c5b152ac30,aargh.so,available,56,76,5,,,
0f0aaec9-bd85-4d36-a629-1dfe9e7664ef,aargh.store,available,56,76,5,,,
70f86a3b-8231-4d9f-9b32-6d6c07dcca47,aargh.tech,premium,56,76,5,,,
00ab36cb-9b49-4fb3-bec1-529b486b90af,aargh.zone,available,56,76,5,,,
efe25bcd-2690-4f79-affc-403110c820a4,aaron.expert,available,88,96,5,,,
1de61228-afa8-41b1-a158-b6b277a6a92a,aaron.ninja,available,88,96,5,,,
9efb755d-5b4c-411e-9b6f-39630fe93f5e,aaron.online,premium,88,96,5,,,
270882ea-2819-4d0f-9f8c-486b7a4b82a6,aaron.site,premium,88,96,5,,,
8a13ef15-b8eb-4d9e-b654-b1a4e289bdb2,aaron.space,premium,88,96,5,,,
898bb4f5-bdcd-4e52-852d-b594f0bc3caa,aaron.store,premium,88,96,5,,,
3f450692-46ee-4a37-81f0-cb9c04666c80,aaronburr.ai,available,54,72,10,,,
8651e12f-c075-49d4-ba1b-2a2dcd63eb10,aaronburr.app,available,54,72,10,,,
b0c977da-6b71-4806-9055-4e703d9de592,aaronburr.at,available,54,72,10,,,
96e4e31b-49cc-4218-a61d-8c34411c0a14,aaronburr.cloud,available,54,72,10,,,
28e4dba2-3007-450e-a934-966bd15633e1,aaronburr.co,available,54,72,10,,,
be30a31c-47eb-42d0-81e7-0a241f9a8f2f,aaronburr.dev,available,54,72,10,,,
56ec604a-6805-4699-adf5-8d5ed80cee5d,aaronburr.expert,available,54,72,10,,,
0c960fbf-5a30-49da-9261-b36164946e02,aaronburr.gg,available,54,72,10,,,
6d78ce23-8dff-45be-8a50-5f4822175ba9,aaronburr.io,available,54,72,10,,,
0ca6fbd3-5697-4284-aa3d-d31ee30a53ea,aaronburr.me,available,54,72,10,,,
5a149abd-3212-4454-a1b6-b59e424bbbcf,aaronburr.ninja,available,54,72,10,,,
fd845ed7-4ae5-4a46-adfe-e72e3bb05b55,aaronburr.online,available,54,72,10,,,
4fc048c0-0078-4df1-bf49-4e0fe4c59801,aaronburr.pro,available,54,72,10,,,
b8b0afc6-b62c-4c59-a76a-ad28a36dc1a6,aaronburr.site,available,54,72,10,,,
bcf91e21-260b-430a-97a3-a89d56fc8516,aaronburr.so,available,54,72,10,,,
910ef900-5500-4f38-aea5-8bdc9e14a480,aaronburr.space,available,54,72,10,,,
83c60dc7-14a8-4e28-80d4-76511a9a6fe3,aaronburr.store,available,54,72,10,,,
9e74d8f3-5a99-4092-85b2-9e51b8d19925,aaronburr.tech,available,54,72,10,,,
879bec36-15ca-4e6c-8189-90eeec3c41a8,aaronburr.us,available,54,72,10,,,
4149f57d-9de5-49a2-b893-c07ad0f6cfdd,aaronburr.xyz,available,54,72,10,,,
7d2ba62b-48c6-48c5-941a-bae0b865f6ab,aaronburr.zone,available,54,72,10,,,
2cb1c1bf-ae5a-4e65-9e95-292c6be51344,aarp.at,available,58,76,4,,,
0a057f2c-6ca7-4cda-a22a-5214313faa3c,aarp.dev,premium,58,76,4,,,
7f247ae1-8d86-4542-bb63-e5dfd4977f49,aarp.expert,premium,58,76,4,,,
71aaccbd-32c6-4396-a649-28362b4672bf,aarp.gg,available,58,76,4,,,
564618da-8696-4c2c-a1f3-04a9c84bbca7,aarp.io,premium,58,76,4,,,
bf7b7ced-2130-4130-851a-0eeabb8b9bbe,aarp.ninja,premium,58,76,4,,,
c075115e-fbeb-4b37-8653-161f13d91d20,aarp.pro,premium,58,76,4,,,
1696adba-f07a-4866-9d53-6da7eb90a39a,aarp.so,available,58,76,4,,,
afa540d5-49c5-450e-8d3a-4d7570e5375b,aarp.space,premium,58,76,4,,,
1a8d9797-660f-461e-9292-e48fc5ec4379,aarp.zone,premium,58,76,4,,,
55990611-3212-44bf-bf8e-ab50842dd02e,aba.cloud,resell,72,88,3,GoDaddy,26/03/2016 22:08,26/03/2026 22:08
a81e7173-228a-4209-8dca-addba74f933d,aba.dev,premium,72,88,3,,,
18698330-e8d1-4e11-af5d-baf41e31d801,aba.pro,premium,72,88,3,,,
6834d109-f609-4f50-ac77-501c68f9c7d5,aba.site,premium,72,88,3,,,
94f77281-01d2-424c-ba28-5a26a6491047,aba.so,available,72,88,3,,,
a6b0214b-b304-41bd-b304-551890344905,aba.space,premium,72,88,3,,,
ad2b8feb-46d3-4acc-bc54-c7fc0e5c0f2e,aba.store,premium,72,88,3,,,
45580f3c-d696-4867-9408-87f7b3f0e7b2,aba.tech,premium,72,88,3,,,
15ed423b-be99-43ca-8274-c4351e1ee266,aba.zone,premium,72,88,3,,,
aa34650c-d26d-4a2b-95cd-c16d609d60c6,aback.app,available,76,80,5,,,
386460a8-bcda-4a79-9e1a-f613c26603cc,aback.at,available,76,80,5,,,
53abc2c3-55e2-4355-9bba-b77748e850a0,aback.dev,available,76,80,5,,,
5566ef82-6a68-40d0-b257-ca3d3d7edfce,aback.expert,available,76,80,5,,,
0c9e936c-28e1-488a-a6ab-bda5a17bae3f,aback.gg,available,76,80,5,,,
8d6f804d-cf92-4f0f-a3f9-8cfffdcdc9bd,aback.io,available,76,80,5,,,
76d46b01-71bf-48e5-81af-0f7fc3d04f9c,aback.ninja,available,76,80,5,,,
7c5e577b-042d-432d-bc83-f2f3f3ec3879,aback.online,premium,76,80,5,,,
e764edb3-ee59-4c64-bfe5-26c7a8ebd685,aback.org,resell,76,80,5,"Spaceship, Inc.",28/04/2025 21:51,28/04/2026 21:51
75b51bc7-40e8-444a-8ff9-09979221f400,aback.pro,available,76,80,5,,,
3ff50cf2-05f0-4071-8c64-17be91dcf947,aback.so,available,76,80,5,,,
7a5ebb94-ee1b-4f8b-a5a8-7efb1a0adf40,aback.space,premium,76,80,5,,,
bd4bff2b-dcad-4012-abf4-646c1e77a231,aback.store,premium,76,80,5,,,
2ef9a2a0-b452-4f63-ad13-d5de00aa2252,aback.us,premium,76,80,5,,,
06b638e9-4f6c-4d30-8c07-2ffbcc33de27,aback.xyz,resell,76,80,5,Dynadot LLC,03/06/2025 01:58,03/06/2026 23:59
55f26dad-ba43-4c25-abcd-aa0b2c4ad644,aback.zone,available,76,80,5,,,
7f1657c7-bcd6-4c5c-9d8b-9c419ce9b97a,abactinal.ac,available,50,1,9,,,
393e35e6-9710-481e-ab98-f46707cacae1,abactinal.academy,available,50,1,9,,,
3ec6ec46-5bee-4f94-b4f6-ddf9d92625e2,abactinal.accountant,available,50,1,9,,,
624b951d-d265-4be3-828c-e65a70300163,abactinal.accountants,available,50,1,9,,,
cebd292e-f044-437e-9c25-fd23e9bba420,abactinal.actor,available,50,1,9,,,
a33dc065-3b18-43a8-b7ad-1a1fd5fb6b51,abactinal.adult,available,50,1,9,,,
fbd82ba2-8fa6-4c2f-9223-223995389bba,abactinal.ag,available,50,1,9,,,
c0d877f5-93b6-4bab-89af-7f19a70633c2,abactinal.agency,available,50,1,9,,,
6a171779-ed18-421a-88b7-03ab835d5a35,abactinal.ai,available,50,1,9,,,
9513c480-420a-46cd-b0f6-05ce03ba5ee3,abactinal.airforce,available,50,1,9,,,
a4ec3130-f331-461f-ae46-f5f1475f429d,abactinal.apartments,available,50,1,9,,,
014025f2-90c9-47fd-944e-f5ad3d576ab6,abactinal.app,available,50,1,9,,,
09189950-4f38-4e45-850e-5723218ddeba,abactinal.archi,available,50,1,9,,,
358b3ffd-c973-4f36-9199-6846ccffed83,abactinal.army,available,50,1,9,,,
a3d57462-6f5d-4140-9e75-e31d30cab642,abactinal.art,available,50,1,9,,,
9bba71f6-0edb-4dea-9eb6-cefcb6ab11b0,abactinal.asia,available,50,1,9,,,
901f13d2-1bbe-4a7e-8213-bdbbf1cdae96,abactinal.associates,available,50,1,9,,,
94e4486c-e1c6-4f10-8651-2d2ecd0996bd,abactinal.at,available,50,1,9,,,
8c137ae6-3da0-4789-a158-fc19b440311c,abactinal.attorney,available,50,1,9,,,
f6094bc7-395d-4c3a-9f20-8c186e4f22a8,abactinal.auction,available,50,1,9,,,
361b0b72-e9c6-4e51-b009-420acae207b5,abactinal.audio,available,50,1,9,,,
04599566-10c4-4bc8-9d90-c517ace68f7d,abactinal.auto,available,50,1,9,,,
11bf7cef-1927-4c31-916e-5bf615aa780f,abactinal.autos,available,50,1,9,,,
c0eacbe4-95c3-44d8-9f2b-e6e170151b60,abactinal.baby,available,50,1,9,,,
1c422534-4642-40ef-9f60-3cdd4e811995,abactinal.band,available,50,1,9,,,
fa23b8da-9bbe-4d8e-b613-2d8f53d326d7,abactinal.bar,available,50,1,9,,,
17849ecf-80dc-4d47-b06d-7c74c6146d15,abactinal.bargains,available,50,1,9,,,
14be7a0e-329e-4b74-9bc1-6b6f7ba8c9b6,abactinal.bayern,available,50,1,9,,,
6bab5263-3b19-4774-aa24-88e361de445b,abactinal.beauty,available,50,1,9,,,
bd257f59-cf86-41c6-a328-ec42bd3b4479,abactinal.beer,available,50,1,9,,,
8bedae60-5040-45a3-819f-2601b53a527e,abactinal.berlin,available,50,1,9,,,
9c4bd6c1-ce5f-482c-96be-0317a9106336,abactinal.best,available,50,1,9,,,
cdd3d9d7-4d64-41ef-9434-b19eddd5d66a,abactinal.bet,available,50,1,9,,,
07cf0177-ba37-4026-b409-62f19526e59e,abactinal.bid,available,50,1,9,,,
9bc15579-be45-490d-a96b-31c86f648cac,abactinal.bike,available,50,1,9,,,
4fe3acd5-7032-4444-b46b-0bcb614bf105,abactinal.bingo,available,50,1,9,,,
ce3856f8-b971-447d-9b3d-3a18bb7c11fe,abactinal.bio,available,50,1,9,,,
a9f1bf15-7049-4988-97db-af13039908dc,abactinal.biz,available,50,1,9,,,
6483d762-b13a-426b-8295-1fd4ae4e6d02,abactinal.black,available,50,1,9,,,
2604a3e4-2b03-464e-b213-dec5311496ed,abactinal.blackfriday,available,50,1,9,,,
0df1ba1d-d859-4147-ba79-fd5b92be1b09,abactinal.blog,available,50,1,9,,,
0ab595f1-a87b-4863-9560-27529a1175fb,abactinal.blue,available,50,1,9,,,
1ab6d442-bc9d-4e3e-933d-b505e179d232,abactinal.boats,available,50,1,9,,,
51622f86-ae0e-4be7-9978-f22ddb16a750,abactinal.bond,available,50,1,9,,,
7474a16d-e96b-49a6-8d74-53ecccfce2d7,abactinal.boo,available,50,1,9,,,
4fe549b5-23aa-4558-b800-a1bd9ea77ae6,abactinal.boston,available,50,1,9,,,
fe5eeafd-cab3-418b-838a-ed6da1a967a3,abactinal.boutique,available,50,1,9,,,
5d105870-a6d9-4633-8ab1-af07c35c251d,abactinal.build,available,50,1,9,,,
73ed2025-76d1-4234-adf5-cf2e8181f388,abactinal.builders,available,50,1,9,,,
fa5b55de-297f-43dd-b0c7-0ca08f123682,abactinal.business,available,50,1,9,,,
67712e2e-32f5-41ac-bd34-1c93d7634c90,abactinal.buzz,available,50,1,9,,,
d0296d6b-0e79-4646-81a3-ef202352104d,abactinal.bz,available,50,1,9,,,
6e746a45-0b05-4abb-9b0f-9864280af26b,abactinal.ca,available,50,1,9,,,
df6787b5-73c2-4c3f-b4bd-c16495fc7a0b,abactinal.cab,available,50,1,9,,,
2575cce4-ecbd-4e83-b0b6-3da284021c44,abactinal.cafe,available,50,1,9,,,
2e2b5b7c-3962-4425-a047-743566e0e92a,abactinal.cam,available,50,1,9,,,
0245b0a3-fcf2-4633-b97e-eaca36c7db81,abactinal.camera,available,50,1,9,,,
3944ff3f-ee80-4147-a699-25149e3fc6fe,abactinal.camp,available,50,1,9,,,
1fd9d829-6d8e-44f1-88da-874661209570,abactinal.capital,available,50,1,9,,,
a9feb848-bafd-49c2-bae8-900b41d52e7b,abactinal.car,available,50,1,9,,,
0931aeb9-d3df-4fdf-a817-a1b78692fa95,abactinal.cards,available,50,1,9,,,
c519a43b-3200-40a7-af58-7605b7cd5ab6,abactinal.care,available,50,1,9,,,
91d006c4-a1e6-4226-93b5-f2b4e7b56c53,abactinal.careers,available,50,1,9,,,
9980733a-abb0-40a2-819c-3d827e7490bb,abactinal.cars,available,50,1,9,,,
3d9cf9e1-df15-4fb1-89f1-46aebca5f601,abactinal.casa,available,50,1,9,,,
79cbc272-76e7-419f-a7be-85852a710a0c,abactinal.cash,available,50,1,9,,,
c484293e-6312-49a6-91a2-f4b35110d975,abactinal.casino,available,50,1,9,,,
c79ffbaa-fcb5-4028-ae45-a0d37496fb43,abactinal.catering,available,50,1,9,,,
ced806ec-26dd-4899-bb31-fb01fd20c8a4,abactinal.cc,available,50,1,9,,,
c5e62449-1e01-4fac-90b1-df2a17455baa,abactinal.center,available,50,1,9,,,
2790e3ef-d8c7-4885-bf98-b60156e916e3,abactinal.ceo,available,50,1,9,,,
04d8ad85-82c0-46ab-95d6-a3ea5a2ceab5,abactinal.cfd,available,50,1,9,,,
91b0d1d5-863c-4b10-a0c9-21a206c1b09f,abactinal.charity,available,50,1,9,,,
dfb10087-7adb-4251-9bf9-723f93c6bced,abactinal.chat,available,50,1,9,,,
91999b9c-4f0b-4052-869c-2abc3137a56e,abactinal.cheap,available,50,1,9,,,
3d14e4d1-43bc-4294-9b49-603fef4d862b,abactinal.christmas,available,50,1,9,,,
61241fef-5584-4619-b8ea-ab9e255ec0b3,abactinal.church,available,50,1,9,,,
14569fa4-0e06-4456-9ea0-3046c4d0e37a,abactinal.city,available,50,1,9,,,
50e9f927-3829-4a47-b0de-11e5431b3547,abactinal.claims,available,50,1,9,,,
addeb63d-b054-44a7-85e6-f325ae92720e,abactinal.cleaning,available,50,1,9,,,
36a8b331-846d-4e6e-b929-9c29a3a1cafd,abactinal.click,available,50,1,9,,,
3de1edc7-a979-4006-9676-6671bd7b90a0,abactinal.clinic,available,50,1,9,,,
d4867b07-e8c0-43e8-a89a-b17dbfac3458,abactinal.clothing,available,50,1,9,,,
64e193e1-2fde-45fd-b2c1-61d20839d681,abactinal.cloud,available,50,1,9,,,
289a2412-2a37-49b2-8b13-c35cfd987d17,abactinal.club,available,50,1,9,,,
77dff738-947e-4e5a-b422-ef38ed30508b,abactinal.co,available,50,1,9,,,
f6b31bfd-954a-412e-a032-1b1b6eca80f9,abactinal.coach,available,50,1,9,,,
49fe3910-d4d9-4c7d-9e8d-10a82e2223fe,abactinal.codes,available,50,1,9,,,
4c14c595-5bd5-4e5b-acd7-ab2ac74d98bc,abactinal.coffee,available,50,1,9,,,
b9470db8-f9f3-4dc3-b585-839e371e4140,abactinal.college,available,50,1,9,,,
75f0c1ac-2feb-436c-8418-60d60f411d0b,abactinal.com,available,50,1,9,,,
68d65b92-31e7-4647-ad0c-11a2de943ce6,abactinal.community,available,50,1,9,,,
f7d240c3-7761-497c-a423-79311f53b5f3,abactinal.company,available,50,1,9,,,
03bea45d-8fe2-4192-9924-19cca5393d75,abactinal.computer,available,50,1,9,,,
28c63682-2bb6-4ae6-a090-7bc1bbffef12,abactinal.condos,available,50,1,9,,,
60e6f348-e77d-432c-a5c6-a66711a11acc,abactinal.construction,available,50,1,9,,,
5d66f269-fcc2-4290-9470-756e0f47a091,abactinal.consulting,available,50,1,9,,,
9da2d3b2-ba2d-4176-a344-00c5b86819d0,abactinal.contact,available,50,1,9,,,
7f83ec8b-ff9e-49f8-aee8-f6dbf8664f70,abactinal.contractors,available,50,1,9,,,
3a4e85ed-a2a7-4564-ba40-cd0fbb53c9af,abactinal.cooking,available,50,1,9,,,
5a03240a-e040-4fea-bb81-507fd0669d89,abactinal.cool,available,50,1,9,,,
b6ffffc4-fc5c-4259-bf04-1d8870bc6856,abactinal.country,available,50,1,9,,,
64968884-231d-48b0-a598-981a5d6700a9,abactinal.coupons,available,50,1,9,,,
da4bdd6a-12fe-4cc7-b6e1-f8c63277708c,abactinal.courses,available,50,1,9,,,
256da84e-0c41-4489-a1d2-f26fe43ca779,abactinal.credit,available,50,1,9,,,
63b7271f-364b-4005-879b-7be3822dfe18,abactinal.creditcard,available,50,1,9,,,
b024bc01-378b-4489-adb6-c22eb1a057a1,abactinal.cricket,available,50,1,9,,,
5bdc28f3-fdea-4902-b780-b9d45239cdbe,abactinal.cruises,available,50,1,9,,,
92fc6160-8c8f-4538-94fb-c1e4e3506797,abactinal.cv,available,50,1,9,,,
dc75baa9-531b-47bf-82e7-313f8a9dc3a5,abactinal.cx,available,50,1,9,,,
75ece611-0b58-47c3-af76-a8d06a71b766,abactinal.cyou,available,50,1,9,,,
b2a0aa53-735a-46be-a35b-4bb9decebbd3,abactinal.dad,available,50,1,9,,,
0e618d18-46ff-4ef0-82b2-4a63c0ec6b2c,abactinal.dance,available,50,1,9,,,
c0c3d47f-b86b-4d6c-94aa-12cd7d3a7e9e,abactinal.date,available,50,1,9,,,
85b7ec41-99d1-43df-bcdc-c45313ead0b6,abactinal.dating,available,50,1,9,,,
e97b4ea0-7e50-4d98-818b-309d8097d9d4,abactinal.day,available,50,1,9,,,
ce960aa3-ce38-494d-a48b-3bea7d5eb4d1,abactinal.de,available,50,1,9,,,
4595d71c-4292-4514-a7ed-2336e49eec36,abactinal.dealer,available,50,1,9,,,
01c1680d-7f6a-414c-acf8-0e139278b1ff,abactinal.deals,available,50,1,9,,,
f47b1d6f-20d2-4674-8cfb-d9a20950cdc3,abactinal.degree,available,50,1,9,,,
e14a9c4a-413a-4c63-887f-ccd3cc8b5263,abactinal.delivery,available,50,1,9,,,
0bf5f5aa-634b-4ec9-88de-3436fbeb648c,abactinal.democrat,available,50,1,9,,,
4a15742e-4c16-4ed9-b2ef-7b93e2e2c1a2,abactinal.dental,available,50,1,9,,,
c650e3ac-1070-435f-b4f3-8a0602d30c58,abactinal.dentist,available,50,1,9,,,
28fb9955-586f-458c-a738-1f0f0d27f7d8,abactinal.design,available,50,1,9,,,
e89df4c8-6bc6-4ae1-ba37-274ad5396446,abactinal.dev,available,50,1,9,,,
d0e4e1c6-7335-4014-96c6-57e982cf5f7e,abactinal.diamonds,available,50,1,9,,,
a67fbf3c-b061-4eb8-a028-91dd25996841,abactinal.diet,available,50,1,9,,,
f172340b-9463-42eb-bfad-e7e32a46085c,abactinal.digital,available,50,1,9,,,
1003144f-fa04-48ba-955c-7fcc43fbfceb,abactinal.direct,available,50,1,9,,,
792e90f4-209f-4ccf-8d4b-e1caa8bc7bc1,abactinal.directory,available,50,1,9,,,
f2f03c4e-1b6f-4a6f-9973-bd9c06ff8a49,abactinal.discount,available,50,1,9,,,
99f662e7-2e89-473f-9a13-ecc1529f8129,abactinal.diy,available,50,1,9,,,
40f5ef31-68e1-469c-9f2f-6a933087009f,abactinal.doctor,available,50,1,9,,,
b87bb137-f598-4be1-982d-3330765d10db,abactinal.dog,available,50,1,9,,,
5ac6ea67-36eb-4fa8-bdc7-8279424852db,abactinal.domains,available,50,1,9,,,
7a353599-1e0f-4c39-b422-a6d758d376dd,abactinal.download,available,50,1,9,,,
28ead00a-8e8c-4eff-9a33-17f9e5680979,abactinal.earth,available,50,1,9,,,
b2801fe5-d47b-43b9-9789-aae45d4c7ddc,abactinal.education,available,50,1,9,,,
2f9fa386-60ac-43fc-9408-cbd81aa55781,abactinal.email,available,50,1,9,,,
3e02ef43-4777-4ab6-8ac4-738b5c722fa7,abactinal.energy,available,50,1,9,,,
9e7b0aa4-1b98-4baa-85fb-540aecdca83c,abactinal.engineer,available,50,1,9,,,
71cdeb48-5607-4605-a383-7d2c4218c469,abactinal.engineering,available,50,1,9,,,
0e041396-36ee-45b4-99e5-c0680e6927f8,abactinal.enterprises,available,50,1,9,,,
20aa2781-81be-465b-ab7f-5457fa0a669a,abactinal.equipment,available,50,1,9,,,
b0013c7c-3529-4f6f-b617-91f5d94956e5,abactinal.esq,available,50,1,9,,,
e7e06506-413c-483d-a695-ccbc76f7adfb,abactinal.estate,available,50,1,9,,,
90607c6e-7843-49cc-ba78-2678db74add4,abactinal.eu,available,50,1,9,,,
f66a3e32-ba6e-4342-a6b1-6cb49b28a19e,abactinal.events,available,50,1,9,,,
e9ac3c85-d1c2-41b5-8c94-7236f546c406,abactinal.exchange,available,50,1,9,,,
c7b90b4f-872b-4192-9fee-84d7277348e6,abactinal.expert,available,50,1,9,,,
fdc11777-d24d-4557-b3cc-ae1c0bad758d,abactinal.exposed,available,50,1,9,,,
d75e4c60-8740-4a7c-a809-d1ed20a9d2c7,abactinal.express,available,50,1,9,,,
90c12c30-0344-4124-b169-baa78a8e0ffd,abactinal.fail,available,50,1,9,,,
49b147f1-bc82-4b1c-837b-ea1ac23eadf3,abactinal.faith,available,50,1,9,,,
106c08e7-a7c6-4c5d-9734-10d932d03c46,abactinal.family,available,50,1,9,,,
b8c38d2d-6cad-49d4-8941-d9f547c6f42d,abactinal.fan,available,50,1,9,,,
dcefd22e-c087-4a71-bcb9-c606a511c271,abactinal.fans,available,50,1,9,,,
3b630ac9-b26c-4dbe-ad32-cb05a63d73b6,abactinal.farm,available,50,1,9,,,
45e5c3ef-d153-44b1-8940-1a6872d01494,abactinal.fashion,available,50,1,9,,,
b93b6478-7312-427e-9bdc-ca59b0543a9a,abactinal.feedback,available,50,1,9,,,
de0776b1-23cf-494e-a2c5-dd59201ba40e,abactinal.film,available,50,1,9,,,
12f4275d-ade9-4134-affa-f2cfe0bc02bb,abactinal.finance,available,50,1,9,,,
f93bb1a1-5507-490d-a3e2-d25273f5ba29,abactinal.financial,available,50,1,9,,,
a0e8932f-d41d-43b9-b81b-6a434acf0f8e,abactinal.fish,available,50,1,9,,,
350b76dd-7f67-479b-8ae2-0c0e2c65ecde,abactinal.fishing,available,50,1,9,,,
87c113ec-3001-4257-8e24-5403f3c8565a,abactinal.fit,available,50,1,9,,,
3dd5552e-aa45-4dbc-acbe-e21418856826,abactinal.fitness,available,50,1,9,,,
41cc15bc-44df-4009-aa98-b8b0807fa67e,abactinal.flights,available,50,1,9,,,
273863ad-2e6e-4d9b-b147-1a115dc76c99,abactinal.florist,available,50,1,9,,,
54dd10ad-b7a8-4226-8586-e8d72e00547a,abactinal.flowers,available,50,1,9,,,
bf150552-a652-4cec-abca-ac48c11e7a89,abactinal.fm,available,50,1,9,,,
22387b15-3157-4fa4-ae96-283897bc79ca,abactinal.foo,available,50,1,9,,,
a54baab1-4e7f-4c41-ac25-f53fae0d5a7c,abactinal.food,available,50,1,9,,,
2cc15212-7980-420f-89ff-2207e89d176c,abactinal.football,available,50,1,9,,,
fbc85258-bcda-401d-9771-a94ead239a98,abactinal.forsale,available,50,1,9,,,
0f948ccb-c342-4a5f-ac6a-a3c3e38e8153,abactinal.forum,available,50,1,9,,,
9247f3cc-99c4-47af-ae0d-1ab9610f69f3,abactinal.foundation,available,50,1,9,,,
20c84a92-6df2-4516-9ec5-5f1c4fe20ee6,abactinal.fun,available,50,1,9,,,
c0fbd854-977b-46d2-a348-b7097de72774,abactinal.fund,available,50,1,9,,,
d1c8ebd1-2252-42bf-a6be-46c0367f5734,abactinal.furniture,available,50,1,9,,,
70f5171c-aee8-40bf-887c-7bddb2c0551a,abactinal.futbol,available,50,1,9,,,
d0f86629-d4dc-4bf7-8b10-d0e26aad6428,abactinal.fyi,available,50,1,9,,,
1f4c25d0-c600-48bc-a6b2-31fc5934880f,abactinal.gallery,available,50,1,9,,,
c7cf6563-74d0-41c5-9f30-a44a926f56d9,abactinal.game,available,50,1,9,,,
a2630969-a3e1-41d7-91ce-40fcfc1f2cd6,abactinal.games,available,50,1,9,,,
91006b3a-fe94-4e5b-8d3c-ae705a4e7d71,abactinal.garden,available,50,1,9,,,
b552c9b4-f34b-4193-ba38-8a7ac3bac8a4,abactinal.gay,available,50,1,9,,,
edec52e7-85cd-409b-b784-e204827d71d5,abactinal.gg,available,50,1,9,,,
432c0094-555f-4775-8523-5b48dafa0e0c,abactinal.gift,available,50,1,9,,,
3587b0a9-e56c-4db1-b758-e18b1cbde54d,abactinal.gifts,available,50,1,9,,,
0fdfae38-0218-43a1-a00b-256ac4009f27,abactinal.gives,available,50,1,9,,,
6aa62536-7019-4cfa-92e1-3d1821b1d253,abactinal.giving,available,50,1,9,,,
6364c2b9-7b06-4cde-9038-6cc7f2c8d03e,abactinal.glass,available,50,1,9,,,
8cf5fb9e-c7d0-432d-bc92-a8874f25558c,abactinal.global,available,50,1,9,,,
8bbe98da-af3f-48cf-803e-dc831dc0fdb3,abactinal.gmbh,available,50,1,9,,,
6673ef1b-727e-43a0-ad4e-cb319e9f8e74,abactinal.gold,available,50,1,9,,,
d5000d67-7dbb-4010-9034-4ad44547ce4e,abactinal.golf,available,50,1,9,,,
7dca9bf5-3d54-4c99-9218-c13ad134270e,abactinal.graphics,available,50,1,9,,,
7cc084e5-8c48-492a-bc2c-c51417228ccc,abactinal.gratis,available,50,1,9,,,
11131e9a-023a-4c6c-be92-03193cf9b5cb,abactinal.green,available,50,1,9,,,
c0f99b31-2a01-46d9-a325-f2f69dd1cc8d,abactinal.gripe,available,50,1,9,,,
941a2bcb-3381-4ca9-bfef-a274e630706d,abactinal.group,available,50,1,9,,,
f416d575-36b2-4c4a-a417-35625296f892,abactinal.guide,available,50,1,9,,,
3a1e694c-6136-451c-b468-42a7cbc5984c,abactinal.guitars,available,50,1,9,,,
4bee8c34-61f1-4d3e-a7d3-fd1f7f48a759,abactinal.guru,available,50,1,9,,,
f7f7f1ac-b42d-4e0b-beff-66601136b80a,abactinal.hair,available,50,1,9,,,
9148da05-2d88-4dc8-aa8e-0c168c87659d,abactinal.haus,available,50,1,9,,,
41bb1f6f-3e6a-48b2-ae25-5f0d091b62dc,abactinal.health,available,50,1,9,,,
fc569842-9635-42ed-ad06-ac1958017745,abactinal.healthcare,available,50,1,9,,,
fbd06cf6-de55-4ddd-baeb-cdb03e8b51a4,abactinal.help,available,50,1,9,,,
ef8465f6-e63c-46cc-8efc-70e1ae896055,abactinal.hiphop,available,50,1,9,,,
570bf66a-cc61-4a3d-882e-a94efd640b7e,abactinal.hiv,available,50,1,9,,,
3014956b-798d-482e-a772-40eee6440e83,abactinal.hockey,available,50,1,9,,,
d5269f9d-aac0-4482-ae87-e866fe3b6f7b,abactinal.holdings,available,50,1,9,,,
cde20b83-90fc-480e-8be9-a44373d28202,abactinal.holiday,available,50,1,9,,,
934e55c2-3cc9-4814-a7ae-5f124707bd91,abactinal.homes,available,50,1,9,,,
3d133739-8a39-454e-9cf5-8c112d448d87,abactinal.horse,available,50,1,9,,,
465557bb-620c-489b-a5b0-3b88737b2376,abactinal.hospital,available,50,1,9,,,
2452a565-148c-4691-93da-83d01ce75945,abactinal.host,available,50,1,9,,,
a3efef8f-fcb6-4691-86dd-c75105dc3985,abactinal.hosting,available,50,1,9,,,
65e35d00-6f9f-458c-82ae-a08035b1fbce,abactinal.hot,available,50,1,9,,,
659ce8f7-bd50-49ba-a258-b08b836a18d3,abactinal.house,available,50,1,9,,,
159ffafc-6494-42b1-91e6-b2c05ea29a77,abactinal.how,available,50,1,9,,,
9ef4c1ed-5354-446f-8ba6-5d9acf6120a8,abactinal.icu,available,50,1,9,,,
6a401cb9-14c7-4bc1-a77b-bb9c3d073e40,abactinal.im,available,50,1,9,,,
43e33250-5482-4fe4-b949-45df45d42921,abactinal.immo,available,50,1,9,,,
3d8250ba-d36a-4c9a-9f52-0830df12062e,abactinal.immobilien,available,50,1,9,,,
5a18e62a-0ea5-4374-9335-90a8dd9c8f4f,abactinal.in,available,50,1,9,,,
fe9370ad-f19d-4fe5-afb4-581cf085cd70,abactinal.inc,available,50,1,9,,,
307bdec2-a283-429c-8f73-5a4fd8a65ee0,abactinal.industries,available,50,1,9,,,
a4578987-7eae-4352-ad58-5395060e8991,abactinal.info,available,50,1,9,,,
93b74682-fc68-4db7-b59b-4cd60f16bc59,abactinal.ing,available,50,1,9,,,
9e95a880-489f-44a5-b0e1-75d48a94074e,abactinal.ink,available,50,1,9,,,
95363320-5451-4018-b1bb-e228249b1aac,abactinal.institute,available,50,1,9,,,
92bc520a-0690-4a58-a9e4-a77055e89f38,abactinal.insure,available,50,1,9,,,
d06c4669-6a2f-45af-8364-f160c34def17,abactinal.international,available,50,1,9,,,
60c24e0c-d995-4e5c-a6ec-2bfbcc98ef64,abactinal.investments,available,50,1,9,,,
8675297d-b31d-46d8-8675-886edd000f2f,abactinal.io,available,50,1,9,,,
afa7e5c5-e74a-46e3-8caa-66b0124ef234,abactinal.irish,available,50,1,9,,,
811ff64e-e022-48e6-ab34-3f0e009aeeb4,abactinal.jetzt,available,50,1,9,,,
30ac15b6-e59a-4836-9faa-8f830a5107d7,abactinal.jewelry,available,50,1,9,,,
4a3abfcd-9943-4a60-ab84-f21a81aac23a,abactinal.juegos,available,50,1,9,,,
615c1d78-4ce0-4067-a885-5f21821207b1,abactinal.kaufen,available,50,1,9,,,
c12fd421-8d63-4787-afd9-50305614e737,abactinal.kids,available,50,1,9,,,
200aa088-0751-478a-a75b-5059046f4803,abactinal.kim,available,50,1,9,,,
fbe82658-5da4-4ddc-b015-2606adfbc455,abactinal.kitchen,available,50,1,9,,,
9d4930de-3cce-46c0-8099-8f75e13b94e2,abactinal.la,available,50,1,9,,,
82b34980-d955-4890-aafc-d7d3149f9633,abactinal.land,available,50,1,9,,,
727aab7d-40c9-4029-ae0e-024869d2ad6e,abactinal.lat,available,50,1,9,,,
8be3a290-7a63-472b-b359-9c3736ad12c1,abactinal.law,available,50,1,9,,,
c36effd7-968e-43e1-8229-029efd6018a3,abactinal.lawyer,available,50,1,9,,,
aef5f4ea-5379-4792-9f00-1b65b27da837,abactinal.lease,available,50,1,9,,,
e5f73d8c-d162-4316-80ae-12950ca519eb,abactinal.legal,available,50,1,9,,,
a7af9bac-e206-4667-9b57-0b76b8892412,abactinal.lgbt,available,50,1,9,,,
31f61891-bf2b-466d-b3ed-f6ca79758f7c,abactinal.life,available,50,1,9,,,
32e362dc-be7f-4bc3-9d79-96f6cd7a96fc,abactinal.lifestyle,available,50,1,9,,,
92348997-8eb4-4cb4-9e77-26a0fb54e4d7,abactinal.lighting,available,50,1,9,,,
ccbb6234-4bd8-4f17-8399-1a5d3aab7328,abactinal.limited,available,50,1,9,,,
d6f569bc-8bdb-460b-9e1d-bb4542a5b736,abactinal.limo,available,50,1,9,,,
6cf75f80-79f5-4c96-8111-1daaedfa6db3,abactinal.link,available,50,1,9,,,
0f51cfd4-cf61-4d7a-a825-e3195edb1abe,abactinal.live,available,50,1,9,,,
60cebc1e-6185-4a93-84fd-d3009786e7d3,abactinal.living,available,50,1,9,,,
7f25c9e6-004c-4ad0-9ed4-b6e4de0d025d,abactinal.llc,available,50,1,9,,,
074b1037-694f-46fd-8998-aaf412842284,abactinal.loan,available,50,1,9,,,
939305dc-eda9-44f2-89cc-3a35e3496f24,abactinal.loans,available,50,1,9,,,
21b6be2e-b94f-4fdf-8cbe-e32399dc308c,abactinal.locker,available,50,1,9,,,
94009861-9210-4771-b8f7-eb0c62bba523,abactinal.lol,available,50,1,9,,,
a5c394f6-fa45-4308-9c14-f8e0e24a99a5,abactinal.london,available,50,1,9,,,
db7718b7-e29e-421a-89c3-c630c411ce46,abactinal.love,available,50,1,9,,,
8c1bab12-eddd-435e-80c7-d10a40975a3a,abactinal.ltd,available,50,1,9,,,
9e6c3391-fb1b-40c8-89ab-08da6f0b3c54,abactinal.ltda,available,50,1,9,,,
493e56bb-9060-404d-bcb0-7698d6281ae2,abactinal.luxe,available,50,1,9,,,
d9416a17-3dc9-4906-a8ff-2b1a3184afe5,abactinal.luxury,available,50,1,9,,,
13b77a87-f628-44bd-8856-8abaf4503fd0,abactinal.maison,available,50,1,9,,,
ec6c3a1a-93e2-492a-9bb9-b53d9e0f499b,abactinal.makeup,available,50,1,9,,,
f3128ddd-d1dd-47a1-8989-aacbaee40533,abactinal.management,available,50,1,9,,,
94ff0b1b-0326-4f3f-b2b5-9ca1bf870a76,abactinal.market,available,50,1,9,,,
4822ea84-7ace-427d-8ec7-c89ef7c47609,abactinal.marketing,available,50,1,9,,,
711a7055-e0e8-469e-9624-411d34dc704e,abactinal.mba,available,50,1,9,,,
36bb464f-a110-4f69-8489-c3939ac51b57,abactinal.me,available,50,1,9,,,
c1c08d78-ddbf-474d-ba4a-f2608d39d782,abactinal.media,available,50,1,9,,,
5c92bcea-2460-4a30-8ec4-f9007180070b,abactinal.melbourne,available,50,1,9,,,
abf19a7d-7b90-4b48-b34d-9988d6b80357,abactinal.meme,available,50,1,9,,,
3a036c51-3ea6-40b9-9b8d-f92c9454f870,abactinal.memorial,available,50,1,9,,,
9ed6a58a-321c-48e2-9114-07e5c3608fb0,abactinal.men,available,50,1,9,,,
8e4ad991-08ef-4d02-9238-f7afe9ab197a,abactinal.menu,available,50,1,9,,,
1aa1302d-5270-4f58-908c-e09be9929f28,abactinal.miami,available,50,1,9,,,
b88408a9-2bbd-45cb-8ef1-e5c89ff288b7,abactinal.mobi,available,50,1,9,,,
d69f7f3c-12a5-4815-8bb5-ed524a796ef9,abactinal.moda,available,50,1,9,,,
221935c2-018b-4f90-9218-d82d501cbc82,abactinal.moe,available,50,1,9,,,
6ae4c2f3-7e9c-467c-8d2c-327cd71d4229,abactinal.mom,available,50,1,9,,,
2a4ff5a0-b8e5-44b0-9c35-08afadef9d20,abactinal.money,available,50,1,9,,,
80a50f3c-761c-4d17-a28c-0066a5b658f0,abactinal.monster,available,50,1,9,,,
5ea9b127-a558-47a5-a5c4-9729ea5fe9be,abactinal.mortgage,available,50,1,9,,,
7897f62a-6791-4fd9-a530-bc29bdfe173a,abactinal.motorcycles,available,50,1,9,,,
5f116671-1353-4502-bdf6-c2012d4b1c54,abactinal.mov,available,50,1,9,,,
8817e83d-a5f4-4e13-96aa-ec7c7f217e8f,abactinal.movie,available,50,1,9,,,
4df11881-797e-4ff4-9198-fa5207659a52,abactinal.music,available,50,1,9,,,
054c0002-5ec6-4713-bf14-ff92ac0c6163,abactinal.mx,available,50,1,9,,,
ff8741a1-371d-4a91-91da-6c68759a19ae,abactinal.my,available,50,1,9,,,
abc3fb9b-de68-4858-a7f9-b5e9403eecbc,abactinal.name,available,50,1,9,,,
bc7f262c-453f-44ff-bb83-182141595455,abactinal.navy,available,50,1,9,,,
ff5c3abc-671d-4361-a659-084d3bead546,abactinal.net,available,50,1,9,,,
00d7d7f9-45e9-4a81-b1b3-12d5b5ab1260,abactinal.network,available,50,1,9,,,
2537d8fb-57fb-4a20-a697-3f565d6cf04d,abactinal.news,available,50,1,9,,,
2c5f75a3-a457-458f-8a2f-b151f3caef69,abactinal.nexus,available,50,1,9,,,
5590ad3a-346b-4949-9491-f755e4ea654d,abactinal.ngo,available,50,1,9,,,
7e919873-b4ed-4212-9223-ce713899eb52,abactinal.ninja,available,50,1,9,,,
6fac9ea1-5209-4cba-b096-1d2a326586be,abactinal.nyc,available,50,1,9,,,
8f199e19-a9d7-4354-a133-4c75aa6fddbf,abactinal.observer,available,50,1,9,,,
d4b42506-5839-487c-9b9d-af8e3f923c10,abactinal.one,available,50,1,9,,,
00f12b69-d183-4ca2-85e4-94e721a47cfc,abactinal.ong,available,50,1,9,,,
03d02b89-d3d2-4572-b5d9-c818ae0c9397,abactinal.onl,available,50,1,9,,,
6370a1da-687d-40e8-8ce6-761763c533aa,abactinal.online,premium,50,1,9,,,
5a0786d7-0aea-4d24-a02c-72b36ba63114,abactinal.ooo,available,50,1,9,,,
c9661c7f-bf4b-4174-8a38-f497f25b31f0,abactinal.org,available,50,1,9,,,
966eb0f0-e285-4e70-82c6-200bcb2366bb,abactinal.organic,available,50,1,9,,,
7abc01cc-8970-4724-9a8b-e7107c83a543,abactinal.osaka,available,50,1,9,,,
4eb2566e-3461-427b-84db-538804a153d2,abactinal.page,available,50,1,9,,,
ff9f9a5a-1c41-4222-b4a5-800b687169b2,abactinal.partners,available,50,1,9,,,
6ae77e1c-7f72-4d13-bbfa-fa232d3b81ea,abactinal.parts,available,50,1,9,,,
cdcb5384-6116-465d-94ea-c7a570f43bce,abactinal.party,available,50,1,9,,,
81516174-d998-4a85-8729-349194573e45,abactinal.pet,available,50,1,9,,,
ee7e296f-2119-4a41-a812-5b4510c8a8e8,abactinal.phd,available,50,1,9,,,
4c9596a4-70dd-473d-913f-05aebb9f094e,abactinal.photo,available,50,1,9,,,
e459887b-5932-4191-8d09-299d07d79e91,abactinal.photography,available,50,1,9,,,
e9404609-bb8a-4772-90e5-5d16d7a545a6,abactinal.photos,available,50,1,9,,,
28c6c967-41d2-4125-ad43-1f5eec2e8d4c,abactinal.pics,available,50,1,9,,,
d5076b66-7c59-4496-8f51-2198e5f681d1,abactinal.pictures,available,50,1,9,,,
58e16c98-9061-4963-ae54-f388a1d05d2f,abactinal.pink,available,50,1,9,,,
8b1ecd5f-bed1-40a4-9909-078fb41ebd24,abactinal.pizza,available,50,1,9,,,
a99499b1-8b87-4c41-b8cd-afe27ce55536,abactinal.place,available,50,1,9,,,
2694f960-22c5-46d8-a01b-1fe744c87a7f,abactinal.plumbing,available,50,1,9,,,
d5f13cdd-c08d-4765-b8b5-c1a069bf81b3,abactinal.plus,available,50,1,9,,,
832b9761-a2cf-4a3b-a465-76a98c5636e0,abactinal.poker,available,50,1,9,,,
82d82c2f-baa5-4f31-8618-2e2529b15dfd,abactinal.porn,available,50,1,9,,,
53f31e56-acc3-462d-a79e-fbd93a251622,abactinal.press,available,50,1,9,,,
70efe10a-66f0-4657-8a80-830840856e8a,abactinal.pro,available,50,1,9,,,
5a4ec24d-8357-4582-ac6d-324d20428529,abactinal.productions,available,50,1,9,,,
13fc9b95-0170-41fd-b909-81b65868b340,abactinal.prof,available,50,1,9,,,
e0316705-d07e-4239-884c-5eda6d3fe88d,abactinal.promo,available,50,1,9,,,
9cb46662-4fef-4bc1-9851-92a3720c8d27,abactinal.properties,available,50,1,9,,,
0b46011e-ce29-4ff2-9f61-7e5384ee1a83,abactinal.property,available,50,1,9,,,
a621e866-a1ad-428a-ba03-cb23438c9ef2,abactinal.protection,available,50,1,9,,,
6aaf4260-a2d9-4710-900c-6ec7bf6b5e96,abactinal.pub,available,50,1,9,,,
9c302b05-d79a-46fc-9280-6bae379a227e,abactinal.pw,available,50,1,9,,,
e30e2e1f-4746-41a8-9502-f39a296979cc,abactinal.qpon,available,50,1,9,,,
b7bf0828-1913-42da-bd7d-72ff67a8e033,abactinal.quest,available,50,1,9,,,
0f91496d-2217-4e2e-a9f0-31a668024b3e,abactinal.racing,available,50,1,9,,,
8dff411f-7578-4337-889c-619d4d8489f5,abactinal.realty,available,50,1,9,,,
104b64c6-0597-4f05-92c9-8b93cc665a14,abactinal.recipes,available,50,1,9,,,
32d99ae9-850c-4e42-b57e-c4c343aa7c3f,abactinal.red,available,50,1,9,,,
2ca26ab1-0243-4546-ab2e-d9270a8c8c6c,abactinal.rehab,available,50,1,9,,,
1808685d-5464-4e5c-b920-855214d7e6a3,abactinal.reise,available,50,1,9,,,
1b130477-33d2-4007-a1f5-a651b7b0fafd,abactinal.reisen,available,50,1,9,,,
cb19b902-cbf2-434f-99fc-b5a9a921489b,abactinal.rent,available,50,1,9,,,
56774c34-72b1-41b3-8239-6aaa037db405,abactinal.rentals,available,50,1,9,,,
1a4eab3c-7fd1-4d30-b132-f2dc3a19dfb4,abactinal.repair,available,50,1,9,,,
44d708b3-e055-437f-bfa2-09b9a2964a73,abactinal.report,available,50,1,9,,,
b058240b-c59d-4fda-b7c8-a026d717ee13,abactinal.republican,available,50,1,9,,,
ba4dfbf7-ab16-4f3d-9d5a-bedaf081699b,abactinal.rest,available,50,1,9,,,
883337c3-750b-424b-a3c7-8c1b8e9cd1e8,abactinal.restaurant,available,50,1,9,,,
dd78ac98-d83b-4778-b756-165f2169b3de,abactinal.review,available,50,1,9,,,
06c95319-5dcd-4931-95af-d0dacce0140a,abactinal.reviews,available,50,1,9,,,
19a9f438-5e99-4030-8fe2-734a055f167f,abactinal.rich,available,50,1,9,,,
e95b8f22-c3bb-44d5-8c50-4feeff6622a8,abactinal.rip,available,50,1,9,,,
04bb2eea-bd3a-480c-9996-a4ce1ab4db3e,abactinal.rocks,available,50,1,9,,,
ce3847d7-e68d-451a-946a-1e9081eeb2eb,abactinal.rodeo,available,50,1,9,,,
926504c4-9db5-4e65-aa36-12cbb17657b4,abactinal.rsvp,available,50,1,9,,,
b1520148-a402-4181-8b47-b5d28c1cc2db,abactinal.run,available,50,1,9,,,
5a315fff-2c80-4ad2-bc00-c940851f0568,abactinal.sale,available,50,1,9,,,
dc6c22fa-1d26-47e9-8057-247039a17990,abactinal.salon,available,50,1,9,,,
3f07feca-481b-46cc-b4ad-e69dd7932b06,abactinal.sarl,available,50,1,9,,,
8a58e842-db6d-4c35-ad46-7af7537a2df1,abactinal.sbs,available,50,1,9,,,
8b2a7828-58a9-4cd8-9f04-0b0cab7fb616,abactinal.school,available,50,1,9,,,
52dc0301-fbc0-4b9b-9478-63f3a8aa6969,abactinal.schule,available,50,1,9,,,
3029eda4-d68c-44d9-bbd3-d78c917fe993,abactinal.science,available,50,1,9,,,
591ada14-0ca0-43ec-bdc8-d7725aba79ce,abactinal.security,available,50,1,9,,,
d894c3d8-2d8e-4748-8c5e-dfd00d2f74db,abactinal.services,available,50,1,9,,,
f15041cb-5fa4-43b6-ac97-756c9583b278,abactinal.sexy,available,50,1,9,,,
c398d3f1-c05f-495e-bedb-9bf16c270bfa,abactinal.sh,available,50,1,9,,,
148d2ba3-6c5b-418e-9de9-2d8c0587d679,abactinal.shiksha,available,50,1,9,,,
0c5d7f08-e9b5-4274-a905-7be17e93811c,abactinal.shoes,available,50,1,9,,,
60550463-0a7e-4b8d-b45e-ea3a23f01e78,abactinal.shop,available,50,1,9,,,
cb625ca6-9bc8-45de-9f0d-99ab96ae710f,abactinal.shopping,available,50,1,9,,,
b6c201fd-bcb8-4a29-9ae6-cd8ddc8c411b,abactinal.show,available,50,1,9,,,
6df793b7-6f73-473b-9493-968898a8b05c,abactinal.singles,available,50,1,9,,,
83a2a1a3-7e3e-4d14-a52f-a0e8ab347b97,abactinal.site,available,50,1,9,,,
661c3d08-4c8a-4389-941b-315f03bb0eba,abactinal.ski,available,50,1,9,,,
709151b1-26c3-4164-8f5e-9f8871700174,abactinal.skin,available,50,1,9,,,
b238260a-3285-4675-a3cc-adbf6050cadf,abactinal.so,available,50,1,9,,,
a3ce7ce5-f189-4caa-afa5-5a8a7d3ec131,abactinal.soccer,available,50,1,9,,,
f1e4957c-fb19-480d-8c63-f644b0660cc3,abactinal.social,available,50,1,9,,,
877d0441-20c2-403e-a1ed-4782b1a4f1f0,abactinal.software,available,50,1,9,,,
3b91c919-724e-40e7-b0a2-8c798296ba4f,abactinal.solar,available,50,1,9,,,
0a2b93ea-ed0e-4f74-96dd-fe52f4613553,abactinal.solutions,available,50,1,9,,,
dd15b9f5-b95d-44b9-ada5-72881f0aba33,abactinal.soy,available,50,1,9,,,
7fde8fd1-5401-45e2-8fdd-609e4cb35bee,abactinal.space,premium,50,1,9,,,
f600f017-a68b-454f-a2a5-30a9e26f288b,abactinal.spot,available,50,1,9,,,
52049b89-0b4b-4430-8d48-8e3fd884f6d8,abactinal.srl,available,50,1,9,,,
45c47ea2-ee31-4caa-af31-a5bf4056939a,abactinal.storage,available,50,1,9,,,
f6ebb8b2-2e25-4c3f-8aed-5ab83f463e9b,abactinal.store,premium,50,1,9,,,
bb6a6db7-792a-4ce0-9304-44ddfc1ba894,abactinal.stream,available,50,1,9,,,
b7be4153-27e3-49d2-9787-f5172fdc8b40,abactinal.studio,available,50,1,9,,,
d7f2c029-6870-4a2a-9d0b-d74c4fdf49b9,abactinal.study,available,50,1,9,,,
1192ed7d-8c42-4ea9-b383-e965a0f019f1,abactinal.style,available,50,1,9,,,
7cb338b7-a057-4b38-bbab-dcb88c242af8,abactinal.sucks,available,50,1,9,,,
f2cc3d18-94f0-4e21-98cf-040a1bf4bb52,abactinal.supplies,available,50,1,9,,,
6def4a30-0724-4e72-b343-4bb123936fdd,abactinal.supply,available,50,1,9,,,
6800ce9a-3991-400e-82e5-c38ee2ef9e09,abactinal.support,available,50,1,9,,,
37867f07-6246-44d8-8c14-ea8a3a40cc5c,abactinal.surf,available,50,1,9,,,
171a32b6-baec-4206-95c4-0e2f517e9594,abactinal.surgery,available,50,1,9,,,
b36578ea-83e8-4e31-83a6-c1294ec81f78,abactinal.sydney,available,50,1,9,,,
896e91cf-96fd-432a-9b19-6c505230b8c4,abactinal.systems,available,50,1,9,,,
d0d0ae3d-5207-4cc9-8062-bb46bb10c09f,abactinal.tattoo,available,50,1,9,,,
4d77c693-d0a6-442c-adc1-24f18f49ecec,abactinal.tax,available,50,1,9,,,
e1558d14-8d91-43ee-b732-5c251f21e020,abactinal.taxi,available,50,1,9,,,
6af676eb-bd8d-41f6-9734-4624b8e29b97,abactinal.team,available,50,1,9,,,
9dcd5fdb-06a0-4cfa-b4e5-db91197930ca,abactinal.tech,available,50,1,9,,,
43553913-7ec6-46c8-b1c5-cba8c12110f9,abactinal.technology,available,50,1,9,,,
87b5b6eb-2594-4cbf-b81b-1ca1f2f33a4f,abactinal.tel,available,50,1,9,,,
48fde61e-3929-4725-a5a1-e2722de9fb2e,abactinal.tennis,available,50,1,9,,,
7f4db916-e294-4c2f-bc2a-510d049c47f8,abactinal.theater,available,50,1,9,,,
0f11455f-4c8e-4c9c-a654-ff549c3614a7,abactinal.theatre,available,50,1,9,,,
be2acf0e-2295-4164-86f1-e0067f030d3f,abactinal.tickets,available,50,1,9,,,
cacad341-9505-47e7-91a2-bd2c4c45e32b,abactinal.tienda,available,50,1,9,,,
91eedac9-0ce4-4cb4-87b9-c3b05a316831,abactinal.tips,available,50,1,9,,,
c25bf3c7-3ae1-43f2-83e4-55daf8097b21,abactinal.tires,available,50,1,9,,,
1bb39a57-e2ad-41fe-833b-532a20f11822,abactinal.today,available,50,1,9,,,
4fe963f5-ebe9-4855-89c2-edc947d334c6,abactinal.tools,available,50,1,9,,,
badb68bb-90ec-4334-97f5-bcc32c8b3702,abactinal.top,available,50,1,9,,,
deec68f3-be40-451a-ae8e-ebe6bc2b51af,abactinal.tours,available,50,1,9,,,
b6aeb4b7-8fa7-4fcc-ac7d-3c68e5802361,abactinal.town,available,50,1,9,,,
2943f1bd-220b-4260-8c81-c5c5bb2735fa,abactinal.toys,available,50,1,9,,,
b35319b2-e5f0-4717-8a7b-be2560238adf,abactinal.trade,available,50,1,9,,,
46a97f8c-b365-4cc2-a77d-23e891d5e23c,abactinal.training,available,50,1,9,,,
dff9400d-2d75-4da1-a37d-1db8d58764a5,abactinal.travel,available,50,1,9,,,
c07d8000-e836-4036-9ebc-dc1b914cee0b,abactinal.tube,available,50,1,9,,,
53e383aa-8485-489c-82f1-8ce67b4e83ca,abactinal.tv,available,50,1,9,,,
b435d374-8b06-4c44-917d-f22434138077,abactinal.uk,available,50,1,9,,,
3cba2fcb-f94b-4370-a834-a5034aa9e397,abactinal.university,available,50,1,9,,,
8d77f556-6e1c-42a4-a618-54f8b95c8fe8,abactinal.uno,available,50,1,9,,,
ebcc419c-6158-4fb5-af13-8cfb0f09357b,abactinal.us,available,50,1,9,,,
427dd09e-bbd3-4314-b294-0cb78bb150ce,abactinal.vacations,available,50,1,9,,,
8946244a-51a7-4fc6-8fc9-1625aa232637,abactinal.vana,available,50,1,9,,,
6990ae8b-9212-4a44-adbc-b0d4262b9936,abactinal.vc,available,50,1,9,,,
aeda9150-0e3f-42cc-9042-14ea43a0d4cd,abactinal.vegas,available,50,1,9,,,
094eec26-74d4-4816-a9c1-0e8e0702127a,abactinal.ventures,available,50,1,9,,,
f6e2297e-38c9-4d23-8fc2-62c73faab11f,abactinal.vet,available,50,1,9,,,
df8f258a-e886-47b2-8010-b7068d92ecb4,abactinal.viajes,available,50,1,9,,,
1cfbd2e1-502c-4c30-b4f6-a9b67ab1b673,abactinal.video,available,50,1,9,,,
82bb1c41-5965-4b87-937a-7858c4f64606,abactinal.villas,available,50,1,9,,,
3728b5d5-674b-4e15-8311-10f994774b6a,abactinal.vin,available,50,1,9,,,
d931a038-7847-4d2d-aec1-487f3904e5c2,abactinal.vip,available,50,1,9,,,
39ccb914-ef91-4e9e-b6c9-071bd84addef,abactinal.vision,available,50,1,9,,,
8c3a616e-3b4e-4581-afb6-68468035610e,abactinal.vodka,available,50,1,9,,,
cb21e7eb-ad9a-4e3f-b7c0-cda159589270,abactinal.vote,available,50,1,9,,,
3d171c2a-f48b-4aaa-82b5-0a2c1301dc9e,abactinal.voting,available,50,1,9,,,
8ccb11c1-023a-4503-b273-b5026a2f5e59,abactinal.voto,available,50,1,9,,,
3508000f-ee4d-4a77-b374-f8ca0f67294e,abactinal.voyage,available,50,1,9,,,
cee9c3e4-f7b5-43f6-afcc-f87689cbd312,abactinal.watch,available,50,1,9,,,
8398c61d-ffc8-4d6c-ade7-39caade5448b,abactinal.webcam,available,50,1,9,,,
bcfc7b0e-db7d-44a1-9069-a9b8d218169e,abactinal.website,available,50,1,9,,,
d4dd6ae8-dc75-45a0-b5d1-e09f6793b4ba,abactinal.wedding,available,50,1,9,,,
248809d3-653c-4305-8e2f-665932caf1b5,abactinal.wiki,available,50,1,9,,,
22441e09-c620-4577-b20d-40c06b70b37e,abactinal.win,available,50,1,9,,,
93922faa-fba2-4f36-be1b-15862d750404,abactinal.wine,available,50,1,9,,,
7aaee37c-8fac-40d7-9b39-047b6aba1e8e,abactinal.work,available,50,1,9,,,
bc51b17b-d292-4207-bab4-d18de622aa26,abactinal.works,available,50,1,9,,,
6e846bf6-712f-40ae-aac7-74968deec5b3,abactinal.world,available,50,1,9,,,
8b889b2c-e3d1-4c3c-80cb-7fec19afe1a9,abactinal.wtf,available,50,1,9,,,
5fdc562d-9038-40ec-b183-bf994172a9cd,abactinal.xyz,available,50,1,9,,,
cfeeafd4-4f6f-43b1-a2cb-6257b50499cc,abactinal.yachts,available,50,1,9,,,
98719a06-7add-450b-af16-7f8f7d04be46,abactinal.yoga,available,50,1,9,,,
ac8f3bba-97b3-41a0-8315-dedac72fa066,abactinal.zip,available,50,1,9,,,
a367fe71-9862-42be-8d1f-b90c8a38adef,abactinal.zone,available,50,1,9,,,
acf053f1-f7e3-4608-bf09-4978f62e6e1f,abacus.at,premium,68,84,6,,,
a9e23cee-42ed-4e7e-b92c-4aa82135f0b8,abacus.gg,resell,68,84,6,1API (http://www.1api.net),,
270b6dea-6d50-4be6-b248-b7534e32a2c0,abacus.io,resell,68,84,6,"GoDaddy.com, LLC",26/02/2013 07:49,26/02/2026 07:49
e8c5466c-2c92-40b9-96f9-bf297c90d74c,abacus.me,resell,68,84,6,Dynadot Inc,28/05/2017 01:06,28/05/2026 01:06
3ea74424-0333-41fd-8ebf-439239a10c74,abacus.ninja,available,68,84,6,,,
7fbd27ae-a0f7-424f-9264-7709fe3daa72,abacus.space,resell,68,84,6,Dynadot LLC,21/05/2023 07:51,21/05/2026 23:59
53c76b1d-f8db-4aaa-80a2-8395ecb2b93e,abaft.ac,available,43,2,5,,,
227517d4-6b04-4453-91d3-4e12d488767b,abaft.academy,available,43,2,5,,,
a2fffa0e-2cac-454d-b7b0-4cbf7c99b021,abaft.accountant,available,43,2,5,,,
dd468fd0-2a1d-4a94-87f4-95a28d6d31eb,abaft.accountants,available,43,2,5,,,
0c65f821-2c90-4e8e-a810-12dd6a9e5ebd,abaft.actor,available,43,2,5,,,
91a36586-fe41-44e8-8eaf-c752a7c18569,abaft.adult,available,43,2,5,,,
91c3c40e-3e0c-41d0-8670-4cf687a06778,abaft.ag,available,43,2,5,,,
815cf3ec-f2d1-41c5-9823-573aa1d17707,abaft.agency,available,43,2,5,,,
49ae2ceb-70fc-4127-9334-08d0e70cd8ed,abaft.ai,available,43,2,5,,,
aec52e55-7b89-4fb6-8c73-3a227e47ce0d,abaft.airforce,available,43,2,5,,,
7cd2b3ad-90fc-4861-b6b6-17ff9b10ea31,abaft.apartments,available,43,2,5,,,
2c2ed85a-43d1-4d08-bb5a-cc8c291d0c1b,abaft.app,available,43,2,5,,,
8b6b7a31-df01-421d-8c10-8905eef41800,abaft.archi,available,43,2,5,,,
729ee08b-d02a-466f-b8e4-d82b5e1d014e,abaft.army,available,43,2,5,,,
b61ebbcd-f6a8-41da-ac23-2edf81c68155,abaft.art,available,43,2,5,,,
8724f1b8-e7df-4c4e-a82c-3038fbdb0d44,abaft.asia,available,43,2,5,,,
5bc7ab5b-9c4d-4e81-92c3-062b1e9f02f5,abaft.associates,available,43,2,5,,,
9c70d9fb-1664-46cf-bbac-46cba024bdec,abaft.at,available,43,2,5,,,
bd6f5f0f-a14e-4687-a163-7aaeafeaed08,abaft.attorney,available,43,2,5,,,
6257222d-1ec5-4b7b-b7d7-588d1bf12a29,abaft.auction,available,43,2,5,,,
59867a9e-ef7a-4925-81f1-5011d7a2a751,abaft.audio,available,43,2,5,,,
9e243d10-96d6-4798-b8f5-8262699cbf5e,abaft.auto,available,43,2,5,,,
1da329b1-16c4-4b0e-9598-62e3678daf78,abaft.autos,available,43,2,5,,,
a8b7ad49-6675-4e85-866b-caecf3434c02,abaft.baby,available,43,2,5,,,
fc0ef09f-1053-4b36-8ff5-97a22557ad56,abaft.band,available,43,2,5,,,
8c71d846-ce29-44a4-bfd7-416a29f67d79,abaft.bar,available,43,2,5,,,
a4c8fbea-6145-4526-aa9c-77090831c924,abaft.bargains,available,43,2,5,,,
4962d7e9-9853-4f40-8ee1-51043fcc81b2,abaft.bayern,available,43,2,5,,,
b20fa040-d3ad-46a6-a263-e18ed9fed37b,abaft.beauty,available,43,2,5,,,
a622c154-e97b-4242-91e3-1588602e5207,abaft.beer,available,43,2,5,,,
edc62d72-f490-4593-8282-28a815f58e18,abaft.berlin,available,43,2,5,,,
c93cb593-1d1c-4856-b9c4-4b841b42c183,abaft.best,available,43,2,5,,,
890cd1a5-c1cf-42c5-ba31-de73981c3119,abaft.bet,available,43,2,5,,,
c244adc0-2bba-429e-b60e-85ac84d80426,abaft.bid,available,43,2,5,,,
a1a3eb26-ce64-4a53-8994-03cb1a5956a6,abaft.bike,available,43,2,5,,,
5f8afb04-ca7f-4e14-a240-7e5130939441,abaft.bingo,available,43,2,5,,,
4f7ddbed-0af4-4ed5-851b-60966504d10d,abaft.bio,available,43,2,5,,,
32cd5c7d-b599-4c37-b81a-6e4a791bb1df,abaft.biz,available,43,2,5,,,
d4c37add-5123-4b2c-afac-324e826b792f,abaft.black,available,43,2,5,,,
7ef4148f-d009-4c2d-b359-d8cb8e735555,abaft.blackfriday,available,43,2,5,,,
b96a19c9-ab51-4723-b38c-2dda06d014b9,abaft.blog,available,43,2,5,,,
4de63687-05e8-4695-9b42-95271619717d,abaft.blue,available,43,2,5,,,
cc9c949b-ab07-4d6c-9bb1-5408050308ee,abaft.boats,available,43,2,5,,,
7d683066-77f9-4be4-b84b-57a3707fab17,abaft.bond,available,43,2,5,,,
79bf7164-5fe5-4b03-a9f3-a66c4f4ea31a,abaft.boo,available,43,2,5,,,
324e8362-49a8-4f92-a1a7-7dd2d13061fa,abaft.boston,available,43,2,5,,,
92ee94b3-6031-4ece-bf86-749ad3758191,abaft.boutique,available,43,2,5,,,
abefdf46-e313-483c-bde4-ead438475acc,abaft.build,available,43,2,5,,,
c2c85893-d07b-4ef4-b368-70d9680b1fa0,abaft.builders,available,43,2,5,,,
c7d88b78-f243-42aa-a0f2-94351cf0f803,abaft.business,available,43,2,5,,,
96d8fb33-6576-4e70-84fa-2387ea2ae0ea,abaft.buzz,available,43,2,5,,,
b538aca9-0ec5-4bd3-a671-4b0dc2c9fead,abaft.bz,available,43,2,5,,,
dde99c31-96b0-40f5-8a5a-dbce3c1f44d4,abaft.ca,available,43,2,5,,,
f62f80fb-7852-496d-bec9-d2b0e2464ecf,abaft.cab,available,43,2,5,,,
4e568a89-37d2-4d29-a9df-195153be44f4,abaft.cafe,available,43,2,5,,,
471f51d8-e890-4753-9d2a-dbb44fd190e0,abaft.cam,available,43,2,5,,,
272dad18-9d82-4fac-86c8-c7d379bfa07b,abaft.camera,available,43,2,5,,,
146602a8-e4a8-4ee7-ab9b-d54b022caed4,abaft.camp,available,43,2,5,,,
144108c5-3efe-46d8-b3df-98061ab22512,abaft.capital,available,43,2,5,,,
d0c54467-3b90-4fe7-97a9-0679d9ab3631,abaft.car,available,43,2,5,,,
619dd065-76b0-4d42-ab01-58d382629f32,abaft.cards,available,43,2,5,,,
569ed202-dac0-4f84-85a2-7fee76e71163,abaft.care,available,43,2,5,,,
63e65c6c-a9c2-4275-82e8-4c964f6788b2,abaft.careers,available,43,2,5,,,
c0befe1c-2582-49f6-8811-dc7b63147dde,abaft.cars,available,43,2,5,,,
4c8e338e-e815-4afc-89d4-002f4e0d4b65,abaft.casa,available,43,2,5,,,
774de452-0716-47fa-abc4-6d2b0b436660,abaft.cash,available,43,2,5,,,
69d160d9-3fe7-4ca8-93e4-1e6ba6cb0196,abaft.casino,available,43,2,5,,,
3a29231a-80f2-488a-84d9-0ee6c43081f3,abaft.catering,available,43,2,5,,,
2d33b70c-07c5-46e1-89a7-c840ccceaa23,abaft.cc,available,43,2,5,,,
9538845d-b3fe-4a75-8470-ed6780a6854f,abaft.center,available,43,2,5,,,
88ae30fa-34a1-4cd9-912d-b44b521e8427,abaft.ceo,available,43,2,5,,,
9623cdf1-971e-4fe0-86c9-7859cbc88d81,abaft.cfd,available,43,2,5,,,
0427d9eb-ed35-4972-8e97-71d8f01799c1,abaft.charity,available,43,2,5,,,
9ec6fc40-8a9a-4fb3-9470-1ca790542275,abaft.chat,available,43,2,5,,,
ad47df00-2f87-40d5-9c01-9d8329cada3d,abaft.cheap,available,43,2,5,,,
e2952745-1a48-4347-9850-f1e8475608b1,abaft.christmas,available,43,2,5,,,
a9cc23d4-1fb5-4ae7-b10d-ec9dc2d23e5e,abaft.church,available,43,2,5,,,
473daad9-f09a-435b-b5fe-5ad860de2a69,abaft.city,available,43,2,5,,,
6de55eed-d35e-4f43-8e7c-da6e9a69f7ed,abaft.claims,available,43,2,5,,,
488941e4-08ac-473e-846d-d6b15b26117a,abaft.cleaning,available,43,2,5,,,
7df53cb3-bc36-4cbc-8907-ecdfab271e75,abaft.click,available,43,2,5,,,
a1a03d83-9c25-45f1-aee3-beeab2791d79,abaft.clinic,available,43,2,5,,,
31db95b1-592e-4c30-b939-08f118c81866,abaft.clothing,available,43,2,5,,,
e35bf12f-c112-4b28-af6d-4b1d895be70f,abaft.cloud,available,43,2,5,,,
1dc7abeb-11da-4da8-8a65-071a29046b1b,abaft.club,available,43,2,5,,,
6f3eb99b-1c68-47a8-a43e-266fb0696dda,abaft.coach,available,43,2,5,,,
6a20db02-7edf-4726-a064-7ba986ce35d1,abaft.codes,available,43,2,5,,,
5c8c88e5-c41b-4f7a-90ab-7274f55f73a9,abaft.coffee,available,43,2,5,,,
3f2dd23d-2f22-4856-94a9-9d5675f2e41c,abaft.college,available,43,2,5,,,
9d882dd2-5622-4c07-8c71-12b2b0aff7a7,abaft.community,available,43,2,5,,,
2d24e310-ce44-4ad8-b385-e532ef2591b9,abaft.company,available,43,2,5,,,
7d065786-f722-4959-a61f-bb8e7e3d47c4,abaft.computer,available,43,2,5,,,
07b086d6-27ca-46cc-b6ef-c750d0c99606,abaft.condos,available,43,2,5,,,
af5dbf47-ed61-482e-8e27-97f892975443,abaft.construction,available,43,2,5,,,
3997b4e0-9314-4cf5-816c-1379a9f9af1c,abaft.consulting,available,43,2,5,,,
501009cb-0a80-461d-aa6d-34326cb1900b,abaft.contact,available,43,2,5,,,
24bd6545-2335-44b0-8fe5-d3d3d0dbf659,abaft.contractors,available,43,2,5,,,
9a8012a2-b60a-4097-820e-1412770b439f,abaft.cooking,available,43,2,5,,,
121d1038-f8ed-48f7-8a1e-678e075a0a9c,abaft.cool,available,43,2,5,,,
817ddb5a-e005-4db6-852e-5ec24c759652,abaft.country,available,43,2,5,,,
a938cd25-3a87-437a-8cf2-c077890359ef,abaft.coupons,available,43,2,5,,,
23c98504-a5ea-4b14-8618-6b87f419c51f,abaft.courses,available,43,2,5,,,
50153742-125b-4f2a-9cde-a2f26d26d207,abaft.credit,available,43,2,5,,,
be85a611-bbc0-41d5-84e8-fdbfc9c375a6,abaft.creditcard,available,43,2,5,,,
7a313cef-c34f-40b4-a616-00ddcaaadcab,abaft.cricket,available,43,2,5,,,
e7752094-0b70-48a3-baf2-b4b28b0eb0c5,abaft.cruises,available,43,2,5,,,
45411508-e9eb-47e6-afa8-b618de1cf7ad,abaft.cv,available,43,2,5,,,
69c8dfbf-5186-4c61-b0e5-53ed2db3b008,abaft.cx,available,43,2,5,,,
963e9f0c-144f-4427-bb8e-88f7d5b665d4,abaft.cyou,available,43,2,5,,,
a2cdb341-a7f3-495a-94e2-001d90a071fb,abaft.dad,available,43,2,5,,,
e3e6fb8d-bf5f-4b1a-8641-bcd20dc95cfc,abaft.dance,available,43,2,5,,,
83c04e26-ba1e-46ac-8230-2e639a15bae9,abaft.date,available,43,2,5,,,
3e0399de-b78e-4d88-b602-405e5b14610a,abaft.dating,available,43,2,5,,,
bce15f10-bee0-4752-a325-bcdb4147fcac,abaft.day,available,43,2,5,,,
35fe8d88-1c25-40a7-8064-eee86f779381,abaft.de,available,43,2,5,,,
b7b94da6-2d21-489d-89d3-a38785ed6b80,abaft.dealer,available,43,2,5,,,
0ab2b9ef-2fea-48df-a6d9-e8e67fa11558,abaft.deals,available,43,2,5,,,
2471c7c8-cfc4-4fc5-a3ec-c2fc0b507464,abaft.degree,available,43,2,5,,,
b0defff8-f317-4107-9c05-a4ec16b6f3c9,abaft.delivery,available,43,2,5,,,
d76f0290-7688-4cc4-a8c0-119515c0fb2f,abaft.democrat,available,43,2,5,,,
b0ea8566-3be8-4832-aa7f-9b46a33029a8,abaft.dental,available,43,2,5,,,
42f1f7f0-09ac-4834-923d-ea60dde2a11b,abaft.dentist,available,43,2,5,,,
85458077-003c-435e-84f4-2a3d20b23e07,abaft.design,available,43,2,5,,,
f20f2a5d-ac2a-4926-b8a6-5178f96cb940,abaft.dev,available,43,2,5,,,
d84b55ba-0227-414a-8e94-3ff16c1808d6,abaft.diamonds,available,43,2,5,,,
61094508-3185-4555-a4c3-ed41764ee39f,abaft.diet,available,43,2,5,,,
62313156-d70b-4ea6-8434-efd414bcbdf7,abaft.digital,available,43,2,5,,,
76263493-5c8f-406c-ae44-afd4d249fa9a,abaft.direct,available,43,2,5,,,
42e2ea2e-3fb9-4c57-9adc-92a735279932,abaft.directory,available,43,2,5,,,
76639abd-2e7a-4da5-b7c4-786aa884ddb1,abaft.discount,available,43,2,5,,,
30691359-1f66-4c6e-8b2e-001e7ee4ad1a,abaft.diy,available,43,2,5,,,
39bd0e13-ba49-457c-8b62-812b6b0bb75d,abaft.doctor,available,43,2,5,,,
e1b308ab-1a9d-4d0b-a60f-bc4a790aeb13,abaft.dog,available,43,2,5,,,
0d6eea9f-bd3e-48ce-9476-9f2226814b50,abaft.domains,available,43,2,5,,,
fd94480d-a6e5-4918-a654-ddeee0c86474,abaft.download,available,43,2,5,,,
0f932a36-75c3-42f0-ae6d-1e986ae71cb0,abaft.earth,available,43,2,5,,,
dbc42937-9304-42c4-853a-433b0bb9cb19,abaft.education,available,43,2,5,,,
c2b5c49d-8df4-460b-9811-e0cf0d443e89,abaft.email,available,43,2,5,,,
e435b4d3-ffa0-4aed-afa4-d98e23a91b09,abaft.energy,available,43,2,5,,,
c3ac5d23-d029-4381-beb9-b8e6940986ab,abaft.engineer,available,43,2,5,,,
51e96aba-c2cd-4688-b991-e251697696f6,abaft.engineering,available,43,2,5,,,
586cf751-8edf-41b6-9637-952188fc7ab1,abaft.enterprises,available,43,2,5,,,
2c3b5a4a-99da-43ce-88fa-0a9becdbaea0,abaft.equipment,available,43,2,5,,,
4daadbe7-cec7-4840-8c6d-238eb23fa9f0,abaft.esq,available,43,2,5,,,
2a6d37cf-2b5c-4b4e-a647-d0e948a25bbf,abaft.estate,available,43,2,5,,,
c15eed1a-9225-4e20-9c2b-6791380f0797,abaft.eu,available,43,2,5,,,
1fec16a5-565f-469f-b1cd-3bcad1d0154a,abaft.events,available,43,2,5,,,
72058a4e-825f-4ad8-be8e-4043e2119fe8,abaft.exchange,available,43,2,5,,,
9d266ed0-4903-4e07-98bb-02cad806940d,abaft.expert,available,43,2,5,,,
3147c734-6425-4e5c-9540-d0675b06ed88,abaft.exposed,available,43,2,5,,,
3a9229f5-d0c0-4f17-b8cb-98155405f068,abaft.express,available,43,2,5,,,
c6e8cce5-b941-4b8d-be52-28104a3949b5,abaft.fail,available,43,2,5,,,
815dfb76-0052-42be-b0a3-5e7c71879714,abaft.faith,available,43,2,5,,,
e20b92de-437e-4955-a6a4-c30a52a5d96e,abaft.family,available,43,2,5,,,
7242b680-18f7-41fd-aefd-944fac2c4550,abaft.fan,available,43,2,5,,,
0a8d396b-775f-422a-b322-71941cb644b7,abaft.fans,available,43,2,5,,,
6b1d9206-f949-416a-a4d7-cdc857d994b3,abaft.farm,available,43,2,5,,,
c80a97b2-5a0e-4192-9f63-10c641bd5dfc,abaft.fashion,available,43,2,5,,,
bdedc2ad-9087-4d66-90b6-0a5db15a2168,abaft.feedback,available,43,2,5,,,
a63c7cfc-014b-4572-acec-3f4fb0bd62d8,abaft.film,available,43,2,5,,,
a53af184-6a71-4976-854e-16adedd1fa92,abaft.finance,available,43,2,5,,,
52a10d8c-4cf7-4f33-82a9-89d0254a666a,abaft.financial,available,43,2,5,,,
d8693303-595e-42e9-9f1e-cb45b340ade3,abaft.fish,available,43,2,5,,,
8a363519-89cc-445a-a449-da803fe83ade,abaft.fishing,available,43,2,5,,,
6e6b7d64-0a68-4c3e-a811-40c3c68eeee0,abaft.fit,available,43,2,5,,,
fa0654a2-311b-40ef-9aaf-c50a13d2ee07,abaft.fitness,available,43,2,5,,,
99111569-a8a2-4ff3-98a8-266566de7c69,abaft.flights,available,43,2,5,,,
e5c7579a-69cd-4ba1-8716-73a56c0f43ba,abaft.florist,available,43,2,5,,,
3de8f6ab-9d28-43e8-9da2-33fe44809a0c,abaft.flowers,available,43,2,5,,,
4a425dbc-bc85-4e27-b445-d048dc10362f,abaft.fm,available,43,2,5,,,
752ea027-bf01-4188-bc6d-d360d8447c53,abaft.foo,available,43,2,5,,,
dbb019f8-309d-43d1-8956-28f3cec39624,abaft.food,available,43,2,5,,,
3d666b0f-8e33-4bb1-bbe4-55f389334930,abaft.football,available,43,2,5,,,
e21ce7bd-c5ea-496e-aa3e-b642fb6fe538,abaft.forsale,available,43,2,5,,,
b4f786c5-f0dd-4164-b26b-3e29548128fe,abaft.forum,available,43,2,5,,,
d6332ef3-aeeb-4a43-b712-d96b12fe1073,abaft.foundation,available,43,2,5,,,
191d12f8-4fc9-4e24-9670-56781738c21b,abaft.fun,available,43,2,5,,,
6679bbe4-dd0e-4926-88da-ca015999bac6,abaft.fund,available,43,2,5,,,
dd17d3a2-0cc9-40b1-a990-72fd0d3c5d6a,abaft.furniture,available,43,2,5,,,
9e8c151c-59fc-434d-aec6-73e867002b05,abaft.futbol,available,43,2,5,,,
aebf359d-a10c-4de9-9bf0-8ecde398928f,abaft.fyi,available,43,2,5,,,
22ab502b-ffa0-4cce-83fc-c8d84b291ed2,abaft.gallery,available,43,2,5,,,
793a8269-886c-4e51-b78e-28f666b550c5,abaft.game,available,43,2,5,,,
78e53b50-b7c8-45e1-a194-c404d9f42109,abaft.games,available,43,2,5,,,
2e43219a-0c51-4205-ba2e-c0e9fcfaa598,abaft.garden,available,43,2,5,,,
fe02ab6b-5fcf-4829-9155-5ed93fd7fa7d,abaft.gay,available,43,2,5,,,
53f8ef3b-6870-4974-95a2-e811f1a6ffd8,abaft.gg,available,43,2,5,,,
df607dc0-15cb-4943-93df-0b7e1f064903,abaft.gift,available,43,2,5,,,
b36d7b34-19b2-4a38-9378-489a003f3b5a,abaft.gifts,available,43,2,5,,,
de1879c2-3fb9-4524-8e52-26a5b899c09f,abaft.gives,available,43,2,5,,,
916f4896-8cef-4890-9b4f-f85d984994b1,abaft.giving,available,43,2,5,,,
c46cc262-4e59-4ffa-bc5f-be55d4e57d68,abaft.glass,available,43,2,5,,,
7bbf39bf-7f72-4624-b452-b14102a2c1d8,abaft.global,available,43,2,5,,,
31d76c00-0e66-4ab0-9c63-03a488d48ab3,abaft.gmbh,available,43,2,5,,,
bf8fbb05-49d4-4de8-8201-41666fb4ce33,abaft.gold,available,43,2,5,,,
e8e15af6-9658-4977-9cb0-216c5c18509c,abaft.golf,available,43,2,5,,,
ebe8ad1e-bca6-4e43-8699-950ab00472d9,abaft.graphics,available,43,2,5,,,
14a72c9e-e8c9-497d-9fb9-04885751833b,abaft.gratis,available,43,2,5,,,
a47b7bd7-ea3a-4d61-a453-51ee886b30ab,abaft.green,available,43,2,5,,,
67a8d909-628c-4d58-a4cf-d8b3b8ae76ef,abaft.gripe,available,43,2,5,,,
d2d40062-1ea0-4495-b4a2-a20e4d6dcdf4,abaft.group,available,43,2,5,,,
bb37554a-ee57-4b67-a908-6eac58d7a369,abaft.guide,available,43,2,5,,,
d1dfddc6-ab66-499a-8ef2-ec9d70edff48,abaft.guitars,available,43,2,5,,,
c055c29a-ff0e-48a7-b277-adc5f4d8f231,abaft.guru,available,43,2,5,,,
8bf0ac03-bfc1-462f-b05e-f4dfd0d5ddcc,abaft.hair,available,43,2,5,,,
8ee16e6d-96a0-4cb7-bab9-19c417430095,abaft.haus,available,43,2,5,,,
f1589b14-8375-4533-865a-6f923cb3ff75,abaft.health,available,43,2,5,,,
17ba5d31-e14b-464c-8b82-cb093abe1b55,abaft.healthcare,available,43,2,5,,,
09175437-7139-430a-a079-ff305325b792,abaft.help,available,43,2,5,,,
14c90b97-c65f-46d5-9f0d-7ca2ec4d5eee,abaft.hiphop,available,43,2,5,,,
1be32bb3-5f6c-4a74-80d9-fd7b4011c2c9,abaft.hiv,available,43,2,5,,,
a30941ee-d853-4047-bd7f-f5be770a39df,abaft.hockey,available,43,2,5,,,
983f996a-4979-4a7f-a80e-4a2f34a1c347,abaft.holdings,available,43,2,5,,,
31b07ccc-193c-4ac9-8f25-ead091e3c7ea,abaft.holiday,available,43,2,5,,,
640048e1-e84e-400c-b9d6-b25ddc2ad6b2,abaft.homes,available,43,2,5,,,
4b4d49ac-78cf-4240-a9ff-1aa2e73a2131,abaft.horse,available,43,2,5,,,
9f70db48-a8e0-4c2b-82aa-a19adf59761f,abaft.hospital,available,43,2,5,,,
ff9c018e-c71e-4d64-910d-1239ff7d3361,abaft.host,available,43,2,5,,,
99e914fc-26fe-4e30-ae92-2cb43634cec3,abaft.hosting,available,43,2,5,,,
4b68c391-54cb-413a-a69c-531ea24df844,abaft.hot,available,43,2,5,,,
9065e5d1-5c48-41e0-8eab-2c2d6a54c8e8,abaft.house,available,43,2,5,,,
d795e1fc-f474-4ae2-8a89-79f330e0343d,abaft.how,available,43,2,5,,,
016037cd-6925-4438-9502-e5072c4bda25,abaft.icu,available,43,2,5,,,
f8da882b-6d19-490f-86e9-7322002e92e1,abaft.im,available,43,2,5,,,
06af3340-797e-47ee-beba-9248b95ce720,abaft.immo,available,43,2,5,,,
f82ffdf1-59bb-49c8-955e-8b292f98bc3c,abaft.immobilien,available,43,2,5,,,
fc5f0bf1-0fa0-4924-b3b1-fa497908cf8c,abaft.inc,available,43,2,5,,,
a3ef2575-be16-480c-85d9-0696011f4c50,abaft.industries,available,43,2,5,,,
c5238b5e-d5c6-412f-8762-4f239615de27,abaft.info,available,43,2,5,,,
7e61c0f8-6004-4674-be52-14c9351b267b,abaft.ing,available,43,2,5,,,
1ddfe9b7-1855-4506-a279-901f6be1a513,abaft.ink,available,43,2,5,,,
2e9fc38a-090a-4850-9ca8-5b9915920049,abaft.institute,available,43,2,5,,,
0b5ffb29-cad0-4fda-99d9-60d369e2753c,abaft.insure,available,43,2,5,,,
8c7a007d-1311-4232-8564-781174aecccb,abaft.international,available,43,2,5,,,
c43bdbb3-b080-45e7-a516-470f9379f06c,abaft.investments,available,43,2,5,,,
6dd80b0e-3409-4fca-82e1-ff3afab317ed,abaft.io,available,43,2,5,,,
739a2471-7096-4cdd-a19a-ea664fe4e67a,abaft.irish,available,43,2,5,,,
eac2f5b8-52f4-497c-a44c-013468f96773,abaft.jetzt,available,43,2,5,,,
5c2bac2e-8c47-40df-bf96-5ac73980207d,abaft.jewelry,available,43,2,5,,,
37188829-f555-4727-b55d-68f97c8fb543,abaft.juegos,available,43,2,5,,,
ed42bac4-39fd-4b28-ac3e-d0270b2f3857,abaft.kaufen,available,43,2,5,,,
596205e1-38b8-48ed-9ee1-116b97d5d9d4,abaft.kids,available,43,2,5,,,
58481cda-ab17-4904-b753-f93b4fd6316b,abaft.kim,available,43,2,5,,,
af73194a-df64-4c47-ab8d-12c5711c734a,abaft.kitchen,available,43,2,5,,,
58468073-2887-49a3-9887-568fb6a33d39,abaft.la,available,43,2,5,,,
869365b3-e020-4911-96f2-6efe3caf2849,abaft.land,available,43,2,5,,,
52725581-57bf-4d7f-818c-d8ebdf1b6711,abaft.lat,available,43,2,5,,,
9914ff62-5469-4b6e-a6d3-e78899633b32,abaft.law,available,43,2,5,,,
b58c426c-af7e-4df7-8b39-db84491c41b4,abaft.lawyer,available,43,2,5,,,
3562b08e-4acc-403f-97ef-306d19470b45,abaft.lease,available,43,2,5,,,
e7b509ed-5d4c-410a-a189-aabf9f3ffa7c,abaft.legal,available,43,2,5,,,
ab111661-5df5-441e-b8d1-84c2922a84cc,abaft.lgbt,available,43,2,5,,,
466ec54d-82d7-4676-aa61-ad591cc7efc4,abaft.life,available,43,2,5,,,
32e9c0e1-0b1c-4116-8983-a631a577402a,abaft.lifestyle,available,43,2,5,,,
7c740755-9c80-46fa-b491-3ec91bbaa4a4,abaft.lighting,available,43,2,5,,,
ca2483bc-906b-4736-9887-7faabfd2e029,abaft.limited,available,43,2,5,,,
40d9d86a-5b62-4f8e-bac2-dbbf6113d3b9,abaft.limo,available,43,2,5,,,
03245e38-e8bf-4c79-8313-996b17c7260e,abaft.link,available,43,2,5,,,
2925b061-d976-48a5-914f-1aaaa8b6fd14,abaft.live,available,43,2,5,,,
1613b0a3-5d40-47ee-80ac-6ddc836c027b,abaft.living,available,43,2,5,,,
670b23dc-83f8-4e4c-a0ae-6802926c2dde,abaft.llc,available,43,2,5,,,
b668af41-aad9-4c44-8007-ae4392174ba0,abaft.loan,available,43,2,5,,,
e1da6477-b0f8-46b0-a3e6-91c68e33109d,abaft.loans,available,43,2,5,,,
2ca15466-0075-46b3-a89f-18cb1c02bb92,abaft.locker,available,43,2,5,,,
4bc1696a-fe27-4b49-823b-e9a39857d3b9,abaft.lol,available,43,2,5,,,
f9a6a0cc-5d76-45f2-b2ba-f4b57c3ab549,abaft.london,available,43,2,5,,,
7d455378-185e-4cf7-87c7-883defa85b1e,abaft.love,available,43,2,5,,,
d7f5b5d0-f53a-4161-847d-a5625852d268,abaft.ltd,available,43,2,5,,,
c2821182-c097-4002-ac8c-fce07a5fc8cc,abaft.ltda,available,43,2,5,,,
b4c287b3-9713-41da-9e61-70ab9368cdb1,abaft.luxe,available,43,2,5,,,
44d7b9d7-6352-4d9f-bde0-14ce3cbfbff1,abaft.luxury,available,43,2,5,,,
fa0159a5-d2bb-4561-8d24-8589b14b0791,abaft.maison,available,43,2,5,,,
f0f01122-e8f4-4028-bd82-ed644c3f3f6e,abaft.makeup,available,43,2,5,,,
03bbe360-0ea4-4595-a149-e68a81bf7240,abaft.management,available,43,2,5,,,
62c7433b-d165-4640-9abd-84c3451ba82f,abaft.market,available,43,2,5,,,
f6faff86-996c-4c2c-9e97-67c0ffdcfe64,abaft.marketing,available,43,2,5,,,
ad5103fe-dd19-4d65-8044-715a6fea1e31,abaft.mba,available,43,2,5,,,
d19cb251-6b21-46e6-bc10-17baac64408a,abaft.me,available,43,2,5,,,
bce37e28-8da4-4cf5-8d0b-b8251dafc49e,abaft.media,available,43,2,5,,,
51ca228c-0ea1-4e46-891d-1c2c6acfe600,abaft.melbourne,available,43,2,5,,,
92b996fb-b763-4c74-ae7f-9d6caa17414e,abaft.meme,available,43,2,5,,,
b3790506-1892-4a02-a85e-ce82c895a11e,abaft.memorial,available,43,2,5,,,
d5d1c07d-facc-4f2d-b8e2-ee7331cd5ed8,abaft.men,available,43,2,5,,,
8feffc80-40a0-4cf9-893b-d18a994ecdb1,abaft.menu,available,43,2,5,,,
dc61c6ca-743d-48a6-9482-369609ac4239,abaft.miami,available,43,2,5,,,
f8556608-1812-4924-b3e6-7d3bfd846cf8,abaft.mobi,available,43,2,5,,,
4af37e98-f052-4392-810c-5d43a49c9304,abaft.moda,available,43,2,5,,,
a282d246-700a-4480-97e9-c4220df4c8f0,abaft.moe,available,43,2,5,,,
b941a9c4-a494-4100-b127-c3719ece68f1,abaft.mom,available,43,2,5,,,
2a697f11-bc32-4e36-971b-3d605b40e572,abaft.money,available,43,2,5,,,
4030a767-c6a8-4e2a-8fb3-802a0fac8217,abaft.monster,available,43,2,5,,,
678eff55-af0f-4040-bdaf-fe5f79b96b1d,abaft.mortgage,available,43,2,5,,,
5e786227-c562-460e-bc80-8ef11615a159,abaft.motorcycles,available,43,2,5,,,
95452b58-e5d5-4f6d-860b-87543d223142,abaft.mov,available,43,2,5,,,
0e694da4-064a-48e4-a43e-c1431741d46b,abaft.movie,available,43,2,5,,,
d8aaa595-68e3-4e87-ac55-ab97aa712ff9,abaft.music,available,43,2,5,,,
050860e6-45ba-4a2f-83e2-5ffca598f23d,abaft.mx,available,43,2,5,,,
3c8b0592-abee-45ef-acbb-2ff12af8dd23,abaft.my,available,43,2,5,,,
6ee02340-2c2e-4b8f-87ab-c1cfb4c90614,abaft.name,available,43,2,5,,,
e739797e-b585-4bef-a94e-9a19a42c19e5,abaft.navy,available,43,2,5,,,
f818b1c7-10e8-4814-84c9-230dbb10d457,abaft.network,available,43,2,5,,,
6ebddb7d-fef0-4521-9968-cf8bc6a7a480,abaft.news,available,43,2,5,,,
69da31ac-a5a6-40be-8547-248a08a4b714,abaft.nexus,available,43,2,5,,,
a6e8e437-4fc2-414e-9da5-f39e7909888a,abaft.ngo,available,43,2,5,,,
66b1c361-8524-40cb-ba46-a99fad1374b9,abaft.ninja,available,43,2,5,,,
546df937-ee16-4e89-b65c-3816719a38d1,abaft.nyc,available,43,2,5,,,
e15a3bea-4ade-4051-8c09-b311414d704c,abaft.observer,available,43,2,5,,,
0fe34056-9920-480e-93f0-7b1dfdf37dec,abaft.one,available,43,2,5,,,
5979bbf2-fc20-4fed-b870-c153e2036cf3,abaft.ong,available,43,2,5,,,
e3b79795-d329-4a19-8a88-e9cb12bd6b1d,abaft.onl,available,43,2,5,,,
62e8c094-edd9-4e64-85d4-deeb8b149142,abaft.online,available,43,2,5,,,
0b064506-dd90-4561-90bc-dccc9faa2aec,abaft.ooo,available,43,2,5,,,
3e394424-e16e-4d7c-ad08-802918b22b52,abaft.org,available,43,2,5,,,
199e158f-7503-4edd-9c5e-750a3859a90b,abaft.organic,available,43,2,5,,,
f5b3a307-2c2c-4e2b-90e8-690a3f7c51d0,abaft.osaka,available,43,2,5,,,
02ae6d0c-c287-4f23-beee-114ae3bc3463,abaft.page,available,43,2,5,,,
4befa128-6d77-47fc-acc8-d0481b916c82,abaft.partners,available,43,2,5,,,
73786f15-6afd-4268-b3f8-543e6866a6a1,abaft.parts,available,43,2,5,,,
df81351b-03b3-40b4-be2a-1864c8649ca0,abaft.party,available,43,2,5,,,
00cb9339-f4cc-41c2-bc9c-58450b96a439,abaft.pet,available,43,2,5,,,
7dc733ed-e03e-4738-8740-5b174799c5d1,abaft.phd,available,43,2,5,,,
c241cc59-72e1-42d5-8723-33098d128f9c,abaft.photo,available,43,2,5,,,
47f66eac-83f1-4e3f-a7c7-eed751263b7a,abaft.photography,available,43,2,5,,,
a572f31a-c70d-433c-8a43-536d53aafa12,abaft.photos,available,43,2,5,,,
77b2b61a-1ffd-457b-88b0-3dce5fd7e128,abaft.pics,available,43,2,5,,,
8ec3d918-f15b-45f8-af58-5895909767d3,abaft.pictures,available,43,2,5,,,
0c0af59d-c2fc-4381-9615-47a1d52eb69a,abaft.pink,available,43,2,5,,,
25dc8de4-d0b1-48f5-8d09-4be307f1c8d3,abaft.pizza,available,43,2,5,,,
aa094969-44ce-4337-b949-4240e145eda8,abaft.place,available,43,2,5,,,
a512f419-cfbd-40fa-8b21-bb1974fefc1c,abaft.plumbing,available,43,2,5,,,
9e51933b-cbf3-4272-9546-0fcaa6c0d9bc,abaft.plus,available,43,2,5,,,
11e2b345-b17c-4d76-b4a6-2a59bb84c77a,abaft.poker,available,43,2,5,,,
5a312f9c-f554-42cd-971e-28545cf4df90,abaft.porn,available,43,2,5,,,
d34aeba8-f5c6-4135-a4e7-a86d80856ba0,abaft.press,available,43,2,5,,,
31e4bf07-67f6-4a17-8fd3-44d1d7a3f19d,abaft.pro,available,43,2,5,,,
a5ed18fe-d387-40d6-96fd-ba4c3dd5828a,abaft.productions,available,43,2,5,,,
8fe547a1-6af9-4462-a08e-06957f09ddb6,abaft.prof,available,43,2,5,,,
10996514-1547-43cf-9128-5d9a63de4805,abaft.promo,available,43,2,5,,,
932dcfdc-d35b-4771-828b-f2028850e634,abaft.properties,available,43,2,5,,,
7a8a319a-1f75-4cc8-95db-bd420775ba01,abaft.property,available,43,2,5,,,
f3428069-638e-4270-b876-fcfe9d88a63d,abaft.protection,available,43,2,5,,,
77ac51a9-735e-4f4e-8cc2-bc150533d6ad,abaft.pub,available,43,2,5,,,
049bc6a2-814a-4328-b8b6-ba3de1b7e20b,abaft.pw,available,43,2,5,,,
2236770d-157c-4a49-99a0-48408f360cea,abaft.qpon,available,43,2,5,,,
45203679-b9e6-4d37-9504-7904afd9d1b0,abaft.quest,available,43,2,5,,,
0958f94a-ea85-4e83-90c1-c7aeb8439d9e,abaft.racing,available,43,2,5,,,
81f1ec45-5b86-482c-be4a-04a4208f60ef,abaft.realty,available,43,2,5,,,
98078933-b8cc-4a0b-8cb9-b659eb231a71,abaft.recipes,available,43,2,5,,,
8fea29a8-1902-4f61-99c9-967134116249,abaft.red,available,43,2,5,,,